arr_observation_id,article_id,company_key,observed_date,arr_usd,source_currency,source_value_raw,parse_method,fx_rate_applied,company_age_at_obs,date_status,source_value_hash,batch_id
005eb7360f17d4b0,ART0701,6e06c972a9911c0d,2024-02-26,602000000,USD,$602.0M,single,1.0,18,parsed,d68888dff80213b5067d2ae7bb49eba116be3ddd86c830bc972e350f507b5339,BATCH_20260809T164702
008d63e8723ae85f,ART0147,d8aa559acd42fa29,2023-12-22,1250000000,USD,$1.250B,single,1.0,7,parsed,befe59626599d87a6ff299bcfa6c72be7b25dd4033d0033c1c058f389c5b6226,BATCH_20260809T164702
00ce46d15d8fd938,ART0286,0053c79ac2b8060a,2021-06-07,14500000000,USD,"$14,500,000,000",single,1.0,6,parsed,4b87c79a07afceceb692d64988cab249e5e51e1ad5c302d850ce4fea544ccff5,BATCH_20260809T164702
0135e6c1d6f9e462,ART0011,569a3378224f0856,2021-10-25,320000000,USD,$320.0M,single,1.0,15,parsed,9f68bb659ccfb28f355fdb80bca43a2cda344bc8a0ab60db725ea0f569d2fd3e,BATCH_20260809T164702
019514836628c1d6,ART0261,6e06c972a9911c0d,2022-06-19,130000000,USD,$130.0M,single,1.0,16,parsed,6220206d7bf0d44429ede4dbdd1598964b915c1f7c535ba7d0f7d08576224bb0,BATCH_20260809T164702
021e554cad0584f5,ART0202,42a286e6bf863c7d,2021-09-06,1380000000,USD,$1.380B,single,1.0,19,parsed,07da9493037a6cc5edccd06596d29447b2d8823ef7d33332c70ac7bca31fc8b9,BATCH_20260809T164702
02272313155b0f9d,ART0039,e08516ed2f0a45ec,2022-02-23,61000000000,USD,$57950.0M - $64050.0M,range_midpoint,1.0,4,parsed,4459f5742597722b244a31b4388f0909b40bd4b70f60f3e382fcaccb3f2e2556,BATCH_20260809T164702
02587ae3643c8fc9,ART0607,2fb982d0e0f54e89,2024-03-22,95040000000,JPY,"¥14,256,000,000,000",single,0.006666666666666667,16,parsed,22a284c88e3b5b44bd0081119964b46cbcabd52a505f3a607efc41886d1646fe,BATCH_20260809T164702
037118aa4e76950b,ART0482,56baeba4f76f7b5f,2020-12-16,1120000000,USD,$1.120B,single,1.0,15,parsed,a7ccc210b3026727f9221b88c395683ca883f438055b18bb36a4fc5a2fd6f5e8,BATCH_20260809T164702
0521d90f163392ef,ART0226,6e06c972a9911c0d,2022-11-03,95000000,USD,$90.2M - $99.8M,range_midpoint,1.0,16,ambiguous_resolved,52f74eb9ef7053ec802c222ff48b01f45c3d27bdc9b2447fc683a2211e812f05,BATCH_20260809T164702
056e0c9a57db9e36,ART0730,c0aaf8e6dcad202a,2024-08-07,3388000000,USD,$3.388B,single,1.0,12,ambiguous_resolved,6ded7bc51d8abc1fda7c6d93b9e409ad1db4d21af48d8387cbb7cdd4fe1fe1c3,BATCH_20260809T164702
0573ab0822c731bb,ART0501,524afd4c0fc5ca4f,2024-10-04,102600000000,USD,$102600.0M,single,1.0,9,parsed,2093345b1a04750687f9bea3ceee281a7af575bac15eae1eac5370ccd004bbee,BATCH_20260809T164702
05b50f5635f36883,ART0408,e08516ed2f0a45ec,2020-08-06,44500000000,USD,44500.0M USD,single,1.0,2,parsed,fd5edc2e6a22e7825664e282504779c9de9e06e48bc0d75c2b2c36d2469ac428,BATCH_20260809T164702
05b9b100852e932d,ART0705,0053c79ac2b8060a,2024-06-17,35360000000,EUR,"€32,145,454,545",single,1.1,9,parsed,7d3c36e2eaa52ece414b2065e613ebe0a7f6da5da65f1ae134dff6f9bdbe7e03,BATCH_20260809T164702
0676d1bd9379922d,ART0024,dfcafa5be73568ae,2023-05-23,2150000000,USD,$2.150B,single,1.0,20,parsed,b2eb554eda33013c2cc442e19caf40ad276476b05707ad13d19263f84868b45a,BATCH_20260809T164702
0740475e6a369838,ART0096,bc082590153cc57d,2022-05-28,655000000,USD,$0.655 billion,single,1.0,27,parsed,59d08d94a2030a9a88dd7d4ff3826372537559cf4252f5f82545b0a6d2a6add1,BATCH_20260809T164702
07880d27f60ffd15,ART0398,d4ba83def8849af6,2022-06-24,5600000000,USD,$5600.0 million,single,1.0,23,parsed,eb74f589e86403663931c10097c0a8c840478827adb4b0e5f46e166aba1fc8a7,BATCH_20260809T164702
07d1fff3b0dedef4,ART0240,0053c79ac2b8060a,2020-04-10,10200000000,GBP,"£8,031,496,063",single,1.27,5,parsed,894ec2fe1ea7714b034e61a529756d251735f51c11b3105ec906ed0f52de7ff8,BATCH_20260809T164702
0820d4f40ac4091e,ART0078,62269e661965e40c,2022-10-14,295000000,USD,295.0M USD,single,1.0,10,parsed,6f8100b98e2ba2bf443431220ed5cb7e5ebdfa0e2c428880a1c1bf1bf9096d6c,BATCH_20260809T164702
0881178e6c635a9b,ART0653,01d1347202f9d160,2024-04-18,1499000000,USD,$1.499 billion,single,1.0,26,parsed,f577225089f0915267234c0f9ed34d8b2f5cdb0bd202edb5433b34110e687fe1,BATCH_20260809T164702
08adc8f83915a221,ART0312,73302ba5dd85f6a2,2022-10-31,1380000000,USD,$1.380B,single,1.0,14,parsed,27edbc4f04d9988bd5bbe59908275ac4cf21d0ce4a64b8a167ec9b1648fe6349,BATCH_20260809T164702
08b8f9e744b8714d,ART0645,69b1b6087ce00dad,2023-06-21,7600000000,EUR,"€6,909,090,909",single,1.1,7,parsed,93506e9fe8d030c194a32e45e54886f14c69603b432f56acc10f214555aef0f5,BATCH_20260809T164702
09d7f03faf84e042,ART0392,6feb65f1f31ac009,2023-08-08,1400000000,GBP,"£1,102,362,205",single,1.27,22,ambiguous_resolved,410f6ff4b7da8b03c6dc9460cbe268b028453c590d330aa7194879f70f0c9285,BATCH_20260809T164702
0a87e3c379c3e205,ART0420,bc082590153cc57d,2020-12-29,339999999,GBP,"£267,716,535",single,1.27,25,parsed,ec33303b63b7576e4f97b9f24f38dc1c6f41f84253b7063d004bf31a544b04b6,BATCH_20260809T164702
0ab96f06e82bc937,ART0464,569a3378224f0856,2020-10-31,95000000,EUR,"€86,363,636",single,1.1,14,parsed,093fd8623016ab17f0b1f403d62fa9ca3051fa54222d4d54afc6d451ad77f5e6,BATCH_20260809T164702
0c52dc0ee3b89a77,ART0403,569a3378224f0856,2021-05-21,180000000,EUR,"€163,636,364",single,1.1,15,parsed,ef42e4411e2d3ddd8cf42e80b14b76a699e2af4ea789a661f35f3412a7929ca0,BATCH_20260809T164702
0d4938ddd6fffe99,ART0413,56baeba4f76f7b5f,2022-05-15,1550000000,USD,$1472.5M - $1627.5M,range_midpoint,1.0,17,parsed,2d3329a11c4ffdd4a6b204fdbbc71e32a4b343f5180714bb429ff18e5d8b6bb2,BATCH_20260809T164702
0d65c46457d872cd,ART0574,0053c79ac2b8060a,2024-03-24,34680000000,USD,34680.0M USD,single,1.0,9,parsed,2a63eb897b3a44a1e58d94093cb95ca0f3640e2be1c5cd0e229ac36f9c2c6979,BATCH_20260809T164702
0e930f620fc9faab,ART0477,dfcafa5be73568ae,2021-01-31,740000000,USD,"$740,000,000",single,1.0,18,parsed,f00977e9231f5b8367150b462405a08d71ad0d5178efead28c0e43bf6c5ab0fc,BATCH_20260809T164702
0f69b91121b5da68,ART0481,56baeba4f76f7b5f,2021-02-01,1180000000,USD,1180.0M USD,single,1.0,16,parsed,5676574de3a6e094125fc60c83b918e40118e8b2817d7e421ef492c43167d44c,BATCH_20260809T164702
0fe96f754b9999a0,ART0268,c0aaf8e6dcad202a,2022-10-03,2180000000,USD,$2.180 billion,single,1.0,10,parsed,c00ff2771e39f410ab60f4eba41d4c9afb6bc9a3d7efdc82c085807465fa8977,BATCH_20260809T164702
103d58683775be6a,ART0369,524afd4c0fc5ca4f,2023-08-15,92000000000,USD,$87400.0M - $96600.0M,range_midpoint,1.0,8,parsed,2c3b507e4c91c74dcdf595882614b33127ce3b6b6294b9d2c2a16a5cfe46106b,BATCH_20260809T164702
105d73e99a1a7783,ART0230,bc082590153cc57d,2020-06-06,285000000,EUR,"€259,090,909",single,1.1,25,parsed,128cbee886dccb9857e51bd79187c41d1ffce395b284ad2118e0453d859c1a0b,BATCH_20260809T164702
10d8b3044a68051b,ART0567,73302ba5dd85f6a2,2024-05-21,1870000000,JPY,"¥280,500,000,000",single,0.006666666666666667,16,parsed,b492cd6d02de68b7757a616eee553e19d8717940f418889bf3e98ea53e711e78,BATCH_20260809T164702
11697a2a8c3eee39,ART0055,fa6bad2933b44844,2020-07-29,135000000,USD,$135.0 million,single,1.0,17,parsed,e6aafbfa6cbd73080bf110faa4c24a7d4b2d6466ee51c36ff22a5d5d4fb532aa,BATCH_20260809T164702
1353082b3c1b603f,ART0006,10c8bf3d1264efe9,2021-10-26,16800000000,USD,$16.800B,single,1.0,4,parsed,abee6b9ac438d46b0b0a24f5c58d4823643c42fee30c61c5f42adaa9012e4aba,BATCH_20260809T164702
13842b068bdef7f7,ART0074,69b1b6087ce00dad,2021-05-15,3450000000,USD,$3450.0 million,single,1.0,5,parsed,315d9f5feef02fed9c6413ef751a068a2d01a95390e93c4447c366bbf648f0d2,BATCH_20260809T164702
13dc8fc4321b3292,ART0519,69b1b6087ce00dad,2024-05-04,9180000000,USD,$9180.0 million,single,1.0,8,parsed,0b6a3948d91abc2376d92230d4e2f7c12676071f40918f63a339b7fe23dff53b,BATCH_20260809T164702
1510c2143546c0b7,ART0132,3c7de6fb4ac45663,2021-10-16,410000000,USD,$410.0 million,single,1.0,4,parsed,3510766f4c68af0599ee38b801d748a0f7c909ab6865a19e0420ab5d189ec043,BATCH_20260809T164702
157d9f58e7471473,ART0117,524afd4c0fc5ca4f,2022-07-09,78000000000,GBP,"£61,417,322,835",single,1.27,7,parsed,021b012ffdb3258305f36f126e21c879b8d31ef8c650c1c9e4625b14ba1a18a9,BATCH_20260809T164702
15996b8bb64ff6c6,ART0496,d8aa559acd42fa29,2021-01-08,820000000,USD,820.0M USD,single,1.0,5,parsed,38638f6c28d31c9f183e3b0673edd0a6fcfd453b180907c91ed6f4b7f429e05a,BATCH_20260809T164702
15a9b041077d6352,ART0277,bc082590153cc57d,2023-03-17,790000000,USD,$750.5M - $829.5M,range_midpoint,1.0,28,parsed,36150063c57299e70b61ff7efb091f81d0a4fab97b91e0a92f28eff9e2aaaf8d,BATCH_20260809T164702
174f81ebfe7710cf,ART0746,42a286e6bf863c7d,2024-12-02,3909999999,GBP,"£3,078,740,157",single,1.27,22,parsed,735a3a7ccea94a30f94d24337a694df46a0d564a5f65b752eac5d838d07ed62f,BATCH_20260809T164702
17e323275edb2c90,ART0305,c0aaf8e6dcad202a,2023-01-26,2350000000,EUR,"€2,136,363,636",single,1.1,11,parsed,3642cb8d990c30aeba9599c9bd06b931c104bb47469c0437670d1c2819e09b9a,BATCH_20260809T164702
1851360083735e87,ART0572,56baeba4f76f7b5f,2022-10-21,1700000000,USD,"$1,700,000,000",single,1.0,17,parsed,1158b0f752955b56fcf6b77148cc4b1d1948ddcf05bcd604dad21dfe988c4a44,BATCH_20260809T164702
1884210d53e4cebb,ART0404,dfcafa5be73568ae,2023-07-05,2150000000,USD,$2150.0 million,single,1.0,20,ambiguous_resolved,723f6cb626ad417442e6e7fddf4b476ae36697ccd87c664dd12a249ef88d1637,BATCH_20260809T164702
18f82ab89449767f,ART0686,bc082590153cc57d,2023-01-14,790000000,GBP,"£622,047,244",single,1.27,28,parsed,a5e84c4c9f3602fc7d47c7abe1760df847f8c992e3ebcb277cee1cd30a31854e,BATCH_20260809T164702
192593187407dc20,ART0118,d4ba83def8849af6,2020-02-27,2600000000,USD,"$2,600,000,000",single,1.0,21,parsed,6ec1d0628a988c0abad455575b168a000502bd42b3152a7fa503a5510d9d88d0,BATCH_20260809T164702
19602ebd910ef3b2,ART0588,e08516ed2f0a45ec,2023-05-10,73500000000,USD,$69.825B - $77.175B,range_midpoint,1.0,5,parsed,1b4e6801cd821afcb3731851e79450667efa8166f19febc41fcdcd67b6d10732,BATCH_20260809T164702
1ace7bc29c43fe76,ART0565,d4ba83def8849af6,2024-11-20,8190000000,EUR,"€7,445,454,545",single,1.1,25,parsed,a57e63f42a19144ee81f84965baf53875340807eef11cdd54c599bf7dfc16ff2,BATCH_20260809T164702
1b2cdbf4db639ecb,ART0421,c0aaf8e6dcad202a,2020-10-02,850000000,JPY,"¥127,500,000,000",single,0.006666666666666667,8,parsed,c764b83157db1f8f67aa531ff9f5df837af71ff237817f959981f6c478ccd178,BATCH_20260809T164702
1b494797e96018c2,ART0693,6feb65f1f31ac009,2024-05-07,1725000000,USD,$1.725 billion,single,1.0,23,parsed,4af02d6692ec81a04367744d1ca4f9cc9d4e557125d3799fb227cd360834cc49,BATCH_20260809T164702
1ba510d8bc4861c9,ART0165,2fb982d0e0f54e89,2020-05-29,24500000000,USD,$24.500B,single,1.0,12,parsed,2fba5c321ab4ade1152662a4cbf24ecc24345e347f74aa6e2a34bcc326d24925,BATCH_20260809T164702
1c4633cf81bb086a,ART0301,6feb65f1f31ac009,2020-12-02,190000000,GBP,"£149,606,299",single,1.27,19,parsed,cbc180d0b0cae65b66c6637562fad4369d7e8463b3b539ef96b9564c3f75681a,BATCH_20260809T164702
1c838ddc1e078ca8,ART0331,fa6bad2933b44844,2021-06-23,260000000,USD,$247.0M - $273.0M,range_midpoint,1.0,18,parsed,d769f24f641102a5a0bb73dfc464452d86d0553179a4d5770d086c975ea1e85d,BATCH_20260809T164702
1d20e0c2ba2fdece,ART0013,0053c79ac2b8060a,2023-08-23,32000000000,USD,$32.000B,single,1.0,8,parsed,3698b3adeb4e5efad0697260937f9469f6a6057d24ecba06a37205087cb84cbb,BATCH_20260809T164702
1d4731b3f40597de,ART0681,3c7de6fb4ac45663,2024-06-05,1044000000,USD,$1044.0M,single,1.0,7,ambiguous_resolved,182ad136e1beab876d9d855a0a29ac5becfbb796ece23fdad4cfced7e4fb57ca,BATCH_20260809T164702
1d8258b694c1c6fe,ART0336,01d1347202f9d160,2021-03-25,560000000,USD,$560.0 million,single,1.0,23,parsed,379871a6694710d5a426a77bce834d34af9b167b31d66db630e249e9821dc98d,BATCH_20260809T164702
1ecb787043935237,ART0252,c0aaf8e6dcad202a,2023-11-11,2800000000,USD,$2800.0 million,single,1.0,11,ambiguous_resolved,a1fd84cdd81c8ab95c1b9cdda996dd6472106556a80a43c3531336fd3c953dad,BATCH_20260809T164702
1ee71dc82c505f09,ART0269,2fb982d0e0f54e89,2021-03-08,31000000000,USD,$31.000B,single,1.0,13,parsed,3120142d61e1483beb2cd39591d5f1c378e06c5fe99010cdb7d138f0476f2b24,BATCH_20260809T164702
1fcc70e2392d1e55,ART0129,e08516ed2f0a45ec,2021-04-28,52500000000,JPY,"¥7,875,000,000,000",single,0.006666666666666667,3,parsed,c32f01d7307dc802246812911d01ebeb69f88d6b32b710c86705c66ed28422c9,BATCH_20260809T164702
203459cfd4ab1a3b,ART0738,dfcafa5be73568ae,2024-02-25,2640000000,USD,$2.508B - $2.772B,range_midpoint,1.0,21,parsed,383121fa7800607d0b0ec69c913dde9c80a42a901dbec3ba326214c8d6046659,BATCH_20260809T164702
216023e34c95fa34,ART0614,3c7de6fb4ac45663,2024-12-19,1215000000,USD,1215.0M USD,single,1.0,7,parsed,391385b544711a65a66187442b6a69aba25049967b44b92e3249fb0bdbeb835f,BATCH_20260809T164702
21a90d0eca1db236,ART0385,56baeba4f76f7b5f,2020-05-04,1030000000,USD,$978.5M - $1081.5M,range_midpoint,1.0,15,ambiguous_resolved,00630afbebfe2d85d9e46f4a2332943f5d955b75f0981ed292db23c88ba377ad,BATCH_20260809T164702
222358e02e1e4ee6,ART0370,fa6bad2933b44844,2022-12-25,570000000,USD,$570.0M,single,1.0,19,parsed,9a8149c6cd9d02e41d3762b30329c74a2575b311923eb2fb51aad36bb7dae36d,BATCH_20260809T164702
22f4aac0867663f4,ART0177,bc082590153cc57d,2020-10-25,340000000,USD,$340.0M,single,1.0,25,parsed,87d4d8edcfb2ba05190a81e9d886dd802814c2e5b4e457d3a92393f2e3158de7,BATCH_20260809T164702
23fdf61cad36ab24,ART0015,2fb982d0e0f54e89,2020-09-27,25200000000,USD,$25.200B,single,1.0,12,parsed,3a0843a961a6ac1977bd36a97555df5b515d8aa46e1bd2b5c6bb9f97e5842507,BATCH_20260809T164702
2465356aec867d3c,ART0038,01d1347202f9d160,2021-05-04,620000000,EUR,"€563,636,364",single,1.1,23,ambiguous_resolved,f3815516cb5d09ea795237135abf1abfddc0e3b3a278deaaca799bb852ef7a4e,BATCH_20260809T164702
24a2b84b781ec20d,ART0017,69b1b6087ce00dad,2021-07-24,3900000000,USD,$3.900B,single,1.0,5,parsed,2094062f36ad3fde55ec56de7255cb341b6f792d6bc48b602c3784c6b35be710,BATCH_20260809T164702
24f60430fa3c205a,ART0144,d8aa559acd42fa29,2022-01-12,1010000000,USD,1010.0M USD,single,1.0,6,parsed,e288be83e842e07db28096b248d1f269ebbefee313fb618ce37d08723f4f887e,BATCH_20260809T164702
26889e58bc009a2f,ART0295,56baeba4f76f7b5f,2020-05-09,1080000000,GBP,"£850,393,701",single,1.27,15,ambiguous_resolved,4eeea33efdbfbe4d209eecd7c53bebf639388a0c8c719df1af05be13aa3a8e39,BATCH_20260809T164702
26ce157b7bd33639,ART0285,524afd4c0fc5ca4f,2020-02-09,38000000000,USD,$38.000B,single,1.0,5,parsed,eaaf6884bb99e3dcb4646509fd63f1db985cef067535d7c53b98d8475c881ab7,BATCH_20260809T164702
27f7c47e8caa3687,ART0100,01d1347202f9d160,2023-09-28,1260000000,USD,$1.260 billion,single,1.0,25,parsed,59f5ae02598f99629c3f6fc08a02a0f4c11608a368b9b6385ce90f990a5335ec,BATCH_20260809T164702
2828fc50a9ea63f3,ART0300,01d1347202f9d160,2023-09-07,1260000000,EUR,"€1,145,454,545",single,1.1,25,ambiguous_resolved,c70f79d74b40618a6ccd7d9c315eabb1baacdc29924fa638c5cbd62dfb7a4d21,BATCH_20260809T164702
28c4916544ca0c3e,ART0741,fa6bad2933b44844,2024-05-01,897000000,USD,$897.0M,single,1.0,21,ambiguous_resolved,a6e702c6c727957c1b01df4e02be5c565d6d25188105f221b50cf373e36ca39e,BATCH_20260809T164702
29036a6bc828f534,ART0633,c0aaf8e6dcad202a,2024-11-16,3612000000,USD,$3.612 billion,single,1.0,12,parsed,b6f005cbf316ab4467177550102016783d9a583643595d31a7cff64f1929e6a2,BATCH_20260809T164702
29c6a75d6fd5793d,ART0060,69b1b6087ce00dad,2023-01-20,7000000000,USD,$7000.0 million,single,1.0,7,parsed,3962bd730107d57a520968e2e737f4a9487fe812955255944aae899d9fa13100,BATCH_20260809T164702
2a3ab4e701a155c6,ART0360,2fb982d0e0f54e89,2023-03-25,82000000000,USD,$77900.0M - $86100.0M,range_midpoint,1.0,15,parsed,824617bec989071441e0e5507c8e6f02f85902fda04e40f8d8319ed99def4d89,BATCH_20260809T164702
2a904d7796a9f627,ART0365,0053c79ac2b8060a,2021-04-14,14500000000,USD,"$14,500,000,000",single,1.0,6,parsed,db77d96eac30af269bd6d487c3781a6734187615bfd06661008c5b1a41d63a4e,BATCH_20260809T164702
2b087b0203e4f20d,ART0729,6e06c972a9911c0d,2023-08-11,430000000,USD,$430.0 million,single,1.0,17,parsed,e8918f242a13cdc04cb41fb0fa01ebf7039c5fdc676d551d7ceb261ef17dbd38,BATCH_20260809T164702
2b3cdec8fd62add8,ART0679,01d1347202f9d160,2024-12-23,1647000000,USD,$1647.0 million,single,1.0,26,parsed,a77a65fe2e48bbea020dde492fbbdbe09a229e3d904897fc090c2c1d14f50f10,BATCH_20260809T164702
2bf9d84174da2526,ART0181,01d1347202f9d160,2020-01-14,390000000,USD,$370.5M - $409.5M,range_midpoint,1.0,22,parsed,b0124150894da1d9ceb50e17bc43b0ce5d1609b911e3de50ba9e9ce1396f905f,BATCH_20260809T164702
2c26e1f8f11d1416,ART0315,fa6bad2933b44844,2021-10-18,340000000,USD,$340.0M,single,1.0,18,parsed,0fc1bd83bc71694a50a92b101831668b0f309d189badc461923aeab9a33e56fc,BATCH_20260809T164702
2c29cde5621a09e2,ART0737,0053c79ac2b8060a,2024-02-28,34680000000,JPY,"¥5,202,000,000,000",single,0.006666666666666667,9,parsed,22bec84445cb0dfdaab072764c91f6391b7b378792bb88ffbd449711d69474df,BATCH_20260809T164702
2c60fc72c5481c40,ART0211,fa6bad2933b44844,2021-09-01,305000000,USD,$305.0M,single,1.0,18,parsed,47850f3c563a3d49268722ce75f6c0878c8a55feb374dc2b334fcf8340556998,BATCH_20260809T164702
2c913a9a960420c3,ART0040,69b1b6087ce00dad,2023-04-11,7600000000,USD,$7.600 billion,single,1.0,7,parsed,cea9c7baac1675d5b2e51ba07ba73b9e52d9293187543426fd9839e5058e088d,BATCH_20260809T164702
2cceaccc97899b0b,ART0010,73302ba5dd85f6a2,2022-11-05,1380000000,EUR,"€1,254,545,455",single,1.1,14,parsed,9962eb0070710051e910925bf588196ff04f38aaf050bd5fbb5a646ebf2f805d,BATCH_20260809T164702
2dfe3879c804c0d1,ART0072,fa6bad2933b44844,2021-11-03,340000000,USD,$340.0M,single,1.0,18,parsed,bef9d6ffbb0dfb087e56f705ce950d39313022ba12182eb07f7279df682c622d,BATCH_20260809T164702
2e48c2f9313d7e8c,ART0219,fa6bad2933b44844,2023-12-12,760000000,USD,$722.0M - $798.0M,range_midpoint,1.0,20,parsed,ad9dbe018726810c4ec17681cfd67fa0d2101cbad9473c0ffcd970d4e9d23765,BATCH_20260809T164702
2e8d359caa5e8e21,ART0711,569a3378224f0856,2024-10-02,4050000000,USD,$4050.0M,single,1.0,18,parsed,3ab9cad03c6463f2391de6158bd9b2a0bf1ef9e9abc7b334885d43d7ce6024aa,BATCH_20260809T164702
30a5556b51b03425,ART0606,e08516ed2f0a45ec,2024-12-02,83850000000,GBP,"£66,023,622,047",single,1.27,6,parsed,f24d1856f068de8d06922e36fe1721d375d0d3950cb6efe02fb9aa573945b519,BATCH_20260809T164702
319b02965ff6d448,ART0500,42a286e6bf863c7d,2023-05-30,2600000000,USD,$2.600B,single,1.0,21,parsed,09865b16a0fd23c0ef7b64890f4e412ce1d1bb88e279debce2838d9d260fac8a,BATCH_20260809T164702
31ee8087c2f112f6,ART0090,73302ba5dd85f6a2,2023-06-13,1560000000,USD,$1.560B,single,1.0,15,parsed,950092683115564ce64a26502ffb0cea4370ae8fbff3330c9512c5d568cc5aaf,BATCH_20260809T164702
321169784fc51471,ART0498,01d1347202f9d160,2022-07-27,945000000,JPY,"¥141,750,000,000",single,0.006666666666666667,24,parsed,5755f8b70fef5d8ed8c925994383884cda57484c0beae9ffc7db348acb453a33,BATCH_20260809T164702
321fb7103215b5fa,ART0689,6feb65f1f31ac009,2024-12-19,1950000000,USD,$1950.0 million,single,1.0,23,parsed,f31875caac75faebb9c119b0b331a40fbc98631e2455f2daca3866bb11bd9684,BATCH_20260809T164702
326ffb4eadcfb9a6,ART0491,73302ba5dd85f6a2,2020-09-08,590000000,JPY,"¥88,500,000,000",single,0.006666666666666667,12,parsed,1cf652da948ee9696b9927b1dda413cee77d3ed59eedcebde8c51d4988553301,BATCH_20260809T164702
33646f4aeb2bfb18,ART0722,e08516ed2f0a45ec,2024-03-12,79170000000,USD,"$79,170,000,000",single,1.0,6,parsed,e859bb5a98d182f9e6f2bffe9a098797f891767036310da9d83ef389e2f91646,BATCH_20260809T164702
3383321bc9dab055,ART0377,01d1347202f9d160,2023-05-06,1180000000,USD,1180.0M USD,single,1.0,25,parsed,3ea4327fe7e47dcfd3ca669db3d1e8f2cb8a18cd1529b373659e6636406a7fec,BATCH_20260809T164702
33af093de7fc4f40,ART0622,e08516ed2f0a45ec,2024-07-25,82290000000,USD,"$82,290,000,000",single,1.0,6,parsed,9199154d15e344daf362936ee1daffdf025f74db7ea3ba5ef087419ffa108c84,BATCH_20260809T164702
346d96b75eb994df,ART0264,3c7de6fb4ac45663,2022-06-10,610000000,GBP,"£480,314,961",single,1.27,5,parsed,636410816052dfbe04a5541667beea3e59e656ab269329a4d6ea781c22332978,BATCH_20260809T164702
34a972ac8f497610,ART0299,62269e661965e40c,2023-07-29,355000000,USD,$355.0M,single,1.0,11,parsed,c969163fae0dd8f604c505e3a428defa30171e825ce6cc61b19c541ff6cb8649,BATCH_20260809T164702
34b95b0fefd37401,ART0744,569a3378224f0856,2024-09-17,3420000000,USD,3420.0M USD,single,1.0,18,parsed,cfae3ad9a49b5f5c69dc3499efc4e3a6a8321c92df2ef8413a1bfda2ba710d8a,BATCH_20260809T164702
352ade7571cc6eb7,ART0539,3c7de6fb4ac45663,2024-06-04,1044000000,USD,$1044.0 million,single,1.0,7,parsed,e6dddbab669048a75ef9349a1be001f616201dfc6c9fce2de3fb1a3c0794c6e0,BATCH_20260809T164702
355543451b06667e,ART0683,569a3378224f0856,2024-04-04,2790000000,USD,$2.790 billion,single,1.0,18,parsed,d619cea42c9bf0363c283973a1a87f08165f5fd8efa8103f7d0d15370ebd250e,BATCH_20260809T164702
35ce80b42616b35f,ART0081,6feb65f1f31ac009,2020-06-03,145000000,GBP,"£114,173,228",single,1.27,19,parsed,ca7e202a59189cd9b6cb728af0b5592d6b4d0553f7c879f4b64cc8db2de8a5fa,BATCH_20260809T164702
35d1805ac513011a,ART0412,73302ba5dd85f6a2,2022-03-21,1080000000,JPY,"¥162,000,000,000",single,0.006666666666666667,14,parsed,6e00a1a7eba10aea57ccf3bd9fec09a8a3620f3f9e14d29fa4730267802e9204,BATCH_20260809T164702
364e5d3ade29bb2f,ART0457,6e06c972a9911c0d,2022-12-24,250000000,USD,$0.250 billion,single,1.0,16,parsed,12587c49aa91b9af0101c0244f1b7dcc5dc30d1e049aefbf298d0e73d2ff347a,BATCH_20260809T164702
36ed2d63eb2d7f3a,ART0169,10c8bf3d1264efe9,2020-05-17,11200000000,USD,"$11,200,000,000",single,1.0,3,parsed,6c9f3f0af12d0e64a7c7cf96507aef716a7cc3e74d6c861ebd1f832174f99f44,BATCH_20260809T164702
373d089f778c55b5,ART0221,e08516ed2f0a45ec,2020-09-29,44500000000,JPY,"¥6,675,000,000,000",single,0.006666666666666667,2,parsed,e454b08ec66156e9d20036fd7c4c2b6042e71ff7b0944dd83e2020d4ac81651c,BATCH_20260809T164702
3740c51f7263ed97,ART0428,fa6bad2933b44844,2020-12-05,160000000,USD,$0.160 billion,single,1.0,17,parsed,d072fb0a911ba6910101464777d95464efba3b2ef43be019dfb6205ce3fa260f,BATCH_20260809T164702
37e237e7b362fb12,ART0138,fa6bad2933b44844,2021-06-26,260000000,USD,$0.260 billion,single,1.0,18,parsed,36cd4ef7067e96a787fe5f15147c1d96b3c965386edc48fce46b05ce7067dbf8,BATCH_20260809T164702
38d20c39d8a2eba5,ART0054,2fb982d0e0f54e89,2021-04-10,54000000000,USD,"$54,000,000,000",single,1.0,13,ambiguous_resolved,e2bfc25069bea5bb382507fbf51dfa3aacb557a9aa43d1fc355db59b3bcf937a,BATCH_20260809T164702
38d8e2d741d2e0fd,ART0732,73302ba5dd85f6a2,2024-03-08,1785000000,USD,"$1,785,000,000",single,1.0,16,parsed,0fb9640ca9e8079d607fb0e6370c2dbc30c127b622685a18d3d507f4e727712d,BATCH_20260809T164702
38f5d32d424fcfdd,ART0520,569a3378224f0856,2023-08-17,1720000000,USD,$1.720B,single,1.0,17,parsed,ff3a6916a730ab2dd06e44319731192e9108852ffa913adb71e22664f4817720,BATCH_20260809T164702
394274b3d1b9a19a,ART0371,62269e661965e40c,2021-01-19,220000000,USD,$0.220 billion,single,1.0,9,parsed,8539406da0455d163f5fb7aa18a139f7673405a9e79bc04b28ab373cae5baa2b,BATCH_20260809T164702
395fd6d99e0f3b40,ART0157,6e06c972a9911c0d,2021-09-03,45000000,USD,$42.8M - $47.2M,range_midpoint,1.0,15,parsed,24fc8cebafc76f6d4401de7dfb74209724fd6ed253f08143fc24180a5b6f0fa3,BATCH_20260809T164702
398c26e0861ce15f,ART0091,3c7de6fb4ac45663,2021-10-21,410000000,JPY,"¥61,500,000,000",single,0.006666666666666667,4,parsed,c50638f036daa5065a413bb31661425e92c2bffb3fd66fec19d51c354413f264,BATCH_20260809T164702
3a3155d3fa341747,ART0347,dfcafa5be73568ae,2021-12-24,1180000000,USD,$1.180B,single,1.0,18,parsed,922d1126de25a2e5228a9b96c5db30c40bd4e10e6ba53d25246cac84f513b92a,BATCH_20260809T164702
3b7808c830b5c411,ART0581,69b1b6087ce00dad,2024-09-16,9520000000,USD,$9520.0M,single,1.0,8,parsed,bc63e81ffc6a7f6ddca9c9d54c9925e967c091dd112ac27e19e0bc2e9df7285c,BATCH_20260809T164702
3c01b28821191d14,ART0002,62269e661965e40c,2023-02-23,310000000,GBP,"£244,094,488",single,1.27,11,parsed,b0741b00a7d5118404b8b1a2c03e12402b68331bbd2eb7a550833838197ff618,BATCH_20260809T164702
3c0637d0ab2882fd,ART0608,fa6bad2933b44844,2023-11-24,760000000,USD,$722.0M - $798.0M,range_midpoint,1.0,20,parsed,01a792bc3decf24d29c738c8813364303085a12d1efe853d47f1e38abb246403,BATCH_20260809T164702
3c63b6347f7d9e7a,ART0007,2fb982d0e0f54e89,2022-10-19,75000000000,USD,75000.0M USD,single,1.0,14,parsed,021855e4289d276650fdf9ee3f56f510333347a51ed2e1330e6eab1cf869f621,BATCH_20260809T164702
3d350bb62da96ba4,ART0254,fa6bad2933b44844,2021-11-18,340000000,USD,$340.0M,single,1.0,18,parsed,778cfebb0460bf2936a9f81522f22a1e3d63ba0ae328b2123749ee337ccd780b,BATCH_20260809T164702
3d59010958413c55,ART0597,6e06c972a9911c0d,2024-08-20,884000000,JPY,"¥132,600,000,000",single,0.006666666666666667,18,parsed,7a6a79d301fd07ade8094f93180c647c2779f1ce6cf3c4e57b09a44978c41dd7,BATCH_20260809T164702
3d9d2942a87e8476,ART0378,d4ba83def8849af6,2020-11-11,3000000000,USD,$2850.0M - $3150.0M,range_midpoint,1.0,21,parsed,efc39f4afccbac049af1a6e3f607824ae4b78451a5ea9c5b58d1fa789919edf4,BATCH_20260809T164702
3dd04606d94a49cd,ART0678,fa6bad2933b44844,2024-04-13,1026000000,USD,$0.975B - $1.077B,range_midpoint,1.0,21,parsed,69daea477864b9e4259d5103808f165c5685e674997f2b373477025f63a849d4,BATCH_20260809T164702
3fae5c003453ec14,ART0734,69b1b6087ce00dad,2024-12-12,9945000000,USD,9945.0M USD,single,1.0,8,ambiguous_resolved,23dae55e37692dba27bbee1f5e87bc5a0475439415beaa135d002ca1507a3eb6,BATCH_20260809T164702
402ae37fcaf47e23,ART0748,73302ba5dd85f6a2,2024-11-13,2057000000,USD,$1.954B - $2.160B,range_midpoint,1.0,16,parsed,5db59dc957cdc167091ae24868b5c919f5dc3ec51e60491ccd510d16eb6ae95b,BATCH_20260809T164702
402fab7ff9f2cace,ART0364,01d1347202f9d160,2020-04-20,420000000,USD,$0.420 billion,single,1.0,22,parsed,89a59721230cacfbc9b6ffbdf28189067009ef2342b515bb89aeacef65f986c7,BATCH_20260809T164702
4148142a17436d97,ART0610,01d1347202f9d160,2024-04-08,1499000000,USD,$1.499B,single,1.0,26,parsed,3ee711a5b625bb71dc1b5b62fc790dc5583434f0389ecc4d9460fec1bdca574a,BATCH_20260809T164702
41638feace43d307,ART0233,524afd4c0fc5ca4f,2022-11-22,81000000000,EUR,"€73,636,363,636",single,1.1,7,parsed,b2b3baf426177f86a8c6d3e3a4337a0e864a421232c06a648e4281af9b34fbf1,BATCH_20260809T164702
4186881b881d659d,ART0522,e08516ed2f0a45ec,2024-10-27,83850000000,USD,"$83,850,000,000",single,1.0,6,parsed,57234396ae918fe2f7c436f673ec459c751d42515dbb75f30384b8b58098db30,BATCH_20260809T164702
41900025061cab17,ART0116,2fb982d0e0f54e89,2020-10-10,26000000000,USD,$24700.0M - $27300.0M,range_midpoint,1.0,12,ambiguous_resolved,073391aa74a998696e75c767e93d608a04c17fc7a3da9b4fbdb884cd88fc2faf,BATCH_20260809T164702
42880f467c430e85,ART0031,6feb65f1f31ac009,2023-03-26,1200000000,EUR,"€1,090,909,091",single,1.1,22,parsed,4ef0eee173ac7c14278e670e54213ea1559bbaa368125bb2ebd9e985a84b20cd,BATCH_20260809T164702
438094e7d7c23574,ART0443,42a286e6bf863c7d,2023-03-13,2300000000,USD,2300.0M USD,single,1.0,21,parsed,341a6f1a817d98ce6a578c437df4856ac70a31a33a68ef3929e9da9be7b0ccc8,BATCH_20260809T164702
43901b3c8b4cad0c,ART0716,dfcafa5be73568ae,2024-12-26,3480000000,GBP,"£2,740,157,480",single,1.27,21,parsed,11272396268db052b62366e6b40cf7b8b491d9a6cee1451486bd35da073b470e,BATCH_20260809T164702
44338461aa4e6551,ART0023,d8aa559acd42fa29,2021-09-11,930000000,USD,$0.930 billion,single,1.0,5,parsed,c220411c954db9383d40d6ad675fd48c7e5f6153760d189de038ac5627130f84,BATCH_20260809T164702
4584f6c24e8ded8c,ART0175,2fb982d0e0f54e89,2020-08-28,25200000000,USD,$23940.0M - $26460.0M,range_midpoint,1.0,12,parsed,3fc99d7f677afa4b53a0eede642f8ce718cb271c2ad107271cd2a73ed0ed9390,BATCH_20260809T164702
4650a7c588e89caa,ART0532,d8aa559acd42fa29,2024-05-26,1350000000,USD,"$1,350,000,000",single,1.0,8,parsed,240ea858d32534516814f0cc4ad0731e052d6d7ef1642251733826d48ee2fc64,BATCH_20260809T164702
46c9b0ea301c08d9,ART0669,c0aaf8e6dcad202a,2024-07-08,3388000000,USD,$3388.0 million,single,1.0,12,parsed,181a5951a6a427481f638ada76d54b103f8dc98f89c3b53c4ea1f9d87cf0e2e1,BATCH_20260809T164702
4739cc7b29415f5e,ART0263,73302ba5dd85f6a2,2022-11-24,1380000000,USD,$1.380B,single,1.0,14,parsed,bf15b31cd0824ca36458cbab5054995bbc9c0f259e453f007e5a4e15df4db86b,BATCH_20260809T164702
473a5f55419fed33,ART0437,d4ba83def8849af6,2021-01-10,3400000000,JPY,"¥510,000,000,000",single,0.006666666666666667,22,parsed,7ddbb92096bc4efc4ceb9969fcb40cd92c69cfa5c1c5104878ce33fd992e9239,BATCH_20260809T164702
474ade6f4c8ed653,ART0330,6e06c972a9911c0d,2021-02-27,18000000,USD,"$18,000,000",single,1.0,15,parsed,d595565f53267fb2686b0e45443cb4b43d98287c10292b46185bd0606a299e3e,BATCH_20260809T164702
47c60cfe02020582,ART0666,524afd4c0fc5ca4f,2024-05-25,98800000001,GBP,"£77,795,275,591",single,1.27,9,parsed,4e681b5cdcbcdb196fec13593a41631169b4c6f97268befad118ea2794596447,BATCH_20260809T164702
483f4650d3365ddb,ART0073,3c7de6fb4ac45663,2020-07-20,145000000,USD,"$145,000,000",single,1.0,3,parsed,aad165eae35a564eff8b80a8425fe82b4002ab875d3cb4a679e2ff379b00c644,BATCH_20260809T164702
491a1b2d338ac524,ART0636,3c7de6fb4ac45663,2023-10-22,900000000,GBP,"£708,661,417",single,1.27,6,parsed,fdeda673878f17bd79b68c3fd2112d5759232ed23c3a7b340ca2262d585a0bf3,BATCH_20260809T164702
491fb3b74ac52d30,ART0637,0053c79ac2b8060a,2024-06-03,35360000000,JPY,"¥5,304,000,000,000",single,0.006666666666666667,9,parsed,87f88cbb3dc20cf42631295185eeec0e2115382d13143301c9360f56a38a05ef,BATCH_20260809T164702
4970699d8a7256c2,ART0618,42a286e6bf863c7d,2024-09-05,3774000000,USD,$3.585B - $3.963B,range_midpoint,1.0,22,ambiguous_resolved,60d8e1623198ee3658b6d96abd070ce4e4934396ba028549e7b1960c458a2c79,BATCH_20260809T164702
497c025519fd02e9,ART0168,69b1b6087ce00dad,2022-02-15,5000000000,USD,$5.000B,single,1.0,6,parsed,de609e7c0fe1fa9eeb82616efee55fda13f62fc7216eb45332c4f7825687291e,BATCH_20260809T164702
4add55545ec211d8,ART0702,c0aaf8e6dcad202a,2024-08-15,3388000000,USD,"$3,388,000,000",single,1.0,12,parsed,dada41178638d986d69351a89cc866342ead0014ac9ba6430bbc63bd825d090f,BATCH_20260809T164702
4b5d6d92d3e4f141,ART0456,10c8bf3d1264efe9,2023-10-31,45000000000,USD,$45.000 billion,single,1.0,6,parsed,93d68369a21a96e547de0132ef8fff09fbe829faf4682467ce3ba422f6e6339a,BATCH_20260809T164702
4b9f570695a059f8,ART0707,2fb982d0e0f54e89,2023-01-05,82000000000,JPY,"¥12,300,000,000,000",single,0.006666666666666667,15,parsed,41f378e2ec26043772d50d3b626354c18c12f8d3f5ee65977d67fb59b8b87aea,BATCH_20260809T164702
4c34a455ebe26aac,ART0334,01d1347202f9d160,2023-04-24,1180000000,USD,$1180.0 million,single,1.0,25,parsed,7ef35a266a200c9f70fe434c87b6e7374a5301f8391c8ee8919d13b9cc1573ad,BATCH_20260809T164702
4c7f8e94989ec29c,ART0272,524afd4c0fc5ca4f,2023-11-11,95000000000,USD,$95.000B,single,1.0,8,parsed,5b4fc8d1869b8bb4f85fb7b98abb68feb488cbc2f4851619c451e1ef365e198e,BATCH_20260809T164702
4ced402391a23fc0,ART0642,fa6bad2933b44844,2024-10-10,1307000000,USD,"$1,307,000,000",single,1.0,21,parsed,3089c30e7b07e132ec79010930a823d6af4a821bb0159d5a8a25648c6f9a5d7a,BATCH_20260809T164702
4ceed10fb15ecda8,ART0373,3c7de6fb4ac45663,2020-04-24,120000000,USD,$0.120 billion,single,1.0,3,parsed,19388d0aeb600664aa1b6eeea14531e0caa14722c6e58b4158f7041535d570b2,BATCH_20260809T164702
4d8a6e1a168e66e4,ART0727,d8aa559acd42fa29,2022-07-18,1030000000,JPY,"¥154,500,000,000",single,0.006666666666666667,6,parsed,14869311a8ecf8492ab0ded776dac224a42b5303dd6be5264ed4e9661d3811d5,BATCH_20260809T164702
4e06d5b786934ebf,ART0159,69b1b6087ce00dad,2021-11-02,4300000000,USD,$4.300B,single,1.0,5,parsed,5fd9d43ea78a3ebd917fc43cc3dcbf6efa22a338155526193cb45f6e9be4b068,BATCH_20260809T164702
4e3f1fc37c670e22,ART0570,6e06c972a9911c0d,2024-11-17,1034000000,USD,$1.034B,single,1.0,18,parsed,417d0498faf50780b0297ef952bed4f455bcc268e242c9cfc0c08a844539ae72,BATCH_20260809T164702
4e589612b7e88273,ART0402,569a3378224f0856,2023-08-22,1720000000,USD,$1720.0 million,single,1.0,17,parsed,142ca74a8d4e6cb7e11f1ca4cd2023497dc6ce2a9ad701730adcf24622a1b88f,BATCH_20260809T164702
4ea63375e651906c,ART0533,62269e661965e40c,2024-09-07,399000000,USD,$0.399 billion,single,1.0,12,parsed,d4e7c364bc541a1fa054837758c8b270da94000bd7f4302367bc03816e1c2eaf,BATCH_20260809T164702
4fc379005d234a6f,ART0528,6feb65f1f31ac009,2024-01-13,1620000000,USD,$1.539B - $1.701B,range_midpoint,1.0,23,parsed,10104f88cec31296675da8b643deea5fe287da9d66705d4b1aab61f1771ef5fe,BATCH_20260809T164702
4fd530033c28985e,ART0199,bc082590153cc57d,2023-10-19,980000000,USD,$980.0M,single,1.0,28,parsed,5966fa136b7cf5dd42c87a704c42816fc52d2b98d6e7bb633962a32dbeab03d9,BATCH_20260809T164702
4fdea4a87aac7032,ART0022,62269e661965e40c,2020-07-23,170000000,USD,$170.0M,single,1.0,8,parsed,a465aaa97dbd133a6de9fa9e163a5b801721723a2d5da46dc9b1911dcb1ae178,BATCH_20260809T164702
4fe30b32638b44b7,ART0619,6feb65f1f31ac009,2024-06-21,1725000000,USD,$1725.0 million,single,1.0,23,parsed,bc28f8d078fda262172b85c0c2578a6cdf1f8c2ac147512d95c226d5f44415f2,BATCH_20260809T164702
509e4b2f89df8164,ART0740,2fb982d0e0f54e89,2024-07-01,98880000000,USD,$98.880B,single,1.0,16,parsed,48ee11d5febbf9a9891741b5d904885be64ec7a1b1c0a284734bdfc21bb7e4f0,BATCH_20260809T164702
50c436587fa5fbdd,ART0431,6e06c972a9911c0d,2022-03-04,95000000,EUR,"€86,363,636",single,1.1,16,parsed,2aa418e16ef2bf604ec83e41ddd8b7d48790ee16fbd03af2d9ea880c1e8e3ef3,BATCH_20260809T164702
517357ae18288171,ART0591,d4ba83def8849af6,2024-02-23,7878000000,USD,$7878.0M,single,1.0,25,parsed,d7ee6484686598a59f599d79e4dc9c1c138ddf8126c40c196accf57d36f683a9,BATCH_20260809T164702
51aff02e2cc159ba,ART0149,e08516ed2f0a45ec,2021-05-11,52500000000,GBP,"£41,338,582,677",single,1.27,3,parsed,7542ecbec3e1dcc6f3d48119960c509e48b0862f1a9830119382f2efd5c24a79,BATCH_20260809T164702
5208df87a297e677,ART0655,62269e661965e40c,2024-12-12,407000000,EUR,"€370,000,000",single,1.1,12,parsed,90915a3208a9c827742d8343f2ad81722448c4eb38173fff5f32c0dfdf1ea0f5,BATCH_20260809T164702
5259d39f8adae9fc,ART0210,d8aa559acd42fa29,2020-08-19,700000000,JPY,"¥105,000,000,000",single,0.006666666666666667,4,parsed,42332bfb4dd3381222fb14598f0d768b5c32166055d9b8066310460caaeca88f,BATCH_20260809T164702
53a65ec2a1d4b381,ART0497,2fb982d0e0f54e89,2023-12-19,96000000000,USD,$91200.0M - $100800.0M,range_midpoint,1.0,15,parsed,373aeaa477faa6b3b25926dd96ff95f1016b65ba65df93317064c9022336dfb5,BATCH_20260809T164702
544e8c3cc3041890,ART0393,fa6bad2933b44844,2020-01-24,100000000,USD,$95.0M - $105.0M,range_midpoint,1.0,17,parsed,7a75e89cc982591869ef293ac00ff107a6fd29fbc696f15c5c4a03a73c8c7d26,BATCH_20260809T164702
5492a1555e76f3e0,ART0695,e08516ed2f0a45ec,2023-10-18,78000000000,EUR,"€70,909,090,909",single,1.1,5,parsed,c6fc3a2df6203f60c7c9ca9bd799dfe4041152948edab3a5d7cd0e786bc00f35,BATCH_20260809T164702
554049e1ef2d3b54,ART0130,bc082590153cc57d,2022-12-20,735000000,USD,"$735,000,000",single,1.0,27,parsed,e32ace5a8b235090dfecd90f897f6ca7fbb6eaca77f956da77ad9ecc647ac7f4,BATCH_20260809T164702
55e0c9a36e013d22,ART0476,d4ba83def8849af6,2020-01-10,2600000000,USD,$2470.0M - $2730.0M,range_midpoint,1.0,21,parsed,d256874b7bb46f1f744e807448ac6695ba3bf25f5a33bd676b0a6e4a0a87ca15,BATCH_20260809T164702
562e093c9bb50160,ART0435,6feb65f1f31ac009,2020-04-20,145000000,USD,$145.0M,single,1.0,19,parsed,b08d5766ed55ab7174a77380f0a4a71d09e66dfbf12300368ba172cc7a128792,BATCH_20260809T164702
56d8299f1c566778,ART0745,10c8bf3d1264efe9,2024-09-08,58500000000,EUR,"€53,181,818,182",single,1.1,7,parsed,69388f7e75801e4ffd5fdb635e6d3b51ffdec9714ae0b4139f1f5aeee1352613,BATCH_20260809T164702
56e1e7d031e2d4f5,ART0439,10c8bf3d1264efe9,2021-05-14,15000000000,USD,15000.0M USD,single,1.0,4,parsed,36c59bd565cb4ad75bc3cfcddb78b47dcd6a0e79d96b169bfb4de1700f68cf72,BATCH_20260809T164702
57bf97b97c4aa045,ART0690,42a286e6bf863c7d,2024-07-21,3774000000,USD,$3.774B,single,1.0,22,parsed,97bac2632c23f824a66153682709bc56decae25cbb8a227d3c774779d9b1cd7f,BATCH_20260809T164702
581a49a554fa17c7,ART0616,73302ba5dd85f6a2,2024-05-03,1870000000,GBP,"£1,472,440,945",single,1.27,16,parsed,83072e35fc4e9e3ad956e8791b47fd1675dd00fd666989509272a77a7e7775b6,BATCH_20260809T164702
58e98e62207d5d67,ART0079,fa6bad2933b44844,2023-07-09,735000000,USD,$735.0 million,single,1.0,20,parsed,d6407501ab4d4526ede7eeab5c2f82288a5407a9353b573c0289ed42e679fa89,BATCH_20260809T164702
595bcc7b7b76d974,ART0041,62269e661965e40c,2022-09-26,305000000,GBP,"£240,157,480",single,1.27,10,parsed,f078aa6f9f8039a5b5885ff7ced629e565cb513f3b117f6c4cab892aa86238e4,BATCH_20260809T164702
5a32c739288e2f53,ART0568,d8aa559acd42fa29,2023-11-15,1250000000,USD,$1.188B - $1.312B,range_midpoint,1.0,7,parsed,29e08c16b522d85d26367bf9c3896c53b135bc06d99f1401dba877de7949657c,BATCH_20260809T164702
5af941a8160abe99,ART0710,569a3378224f0856,2024-10-28,4050000000,USD,$4.050B,single,1.0,18,parsed,231ea484568873faa52550b83e4d393b3a51398358ddfd01a9dca7adac68631e,BATCH_20260809T164702
5b78b7e027a44708,ART0585,73302ba5dd85f6a2,2024-06-02,1870000000,EUR,"€1,700,000,000",single,1.1,16,parsed,be6db54b1ca1e2cbff31149d2937e3ab98de5c2c7fb213cf64dd430c42e6507e,BATCH_20260809T164702
5bd8bbf5c6dab657,ART0671,e08516ed2f0a45ec,2024-09-22,82290000000,USD,$82290.0M,single,1.0,6,parsed,2950c444b7907884d35a8c7c34dda525f343a02b87846569b29612ab7cd68f54,BATCH_20260809T164702
5be76d2ab37aae4f,ART0650,c0aaf8e6dcad202a,2024-05-08,3388000000,USD,$3.388B,single,1.0,12,ambiguous_resolved,605a4c99e652e1b57573975d2ef56c1f379ea6eebde9d38ea456ccd130adf000,BATCH_20260809T164702
5c00a566110d6ed5,ART0558,42a286e6bf863c7d,2024-05-28,3672000000,USD,$3.488B - $3.856B,range_midpoint,1.0,22,parsed,0ff0f7e6749fae6787cfae2cf116da99ebf6ed2b1a47606ede1e275418058d2d,BATCH_20260809T164702
5c0a19ec168ec384,ART0634,569a3378224f0856,2023-06-10,1600000000,USD,1600.0M USD,single,1.0,17,parsed,5e6cd07419c1c64483bab041b7d5a47dc02252d005a0a137e20b4db048950b92,BATCH_20260809T164702
5c3bfa9808da093d,ART0452,6e06c972a9911c0d,2021-08-20,45000000,USD,$0.045 billion,single,1.0,15,parsed,ece8a7e5eb3179f900e414216f20c5303ab7e5d63c73ad3fb12a1ba35dbce16f,BATCH_20260809T164702
5c3f9e1d377d445d,ART0311,6e06c972a9911c0d,2021-10-22,70000000,USD,$70.0M,single,1.0,15,parsed,538883c05eb364a0595f80f35cb80c26ddf8641e28f19a4bfd0ffda2549006d0,BATCH_20260809T164702
5c58bbe32e3146ed,ART0446,69b1b6087ce00dad,2021-08-13,3900000000,USD,$3900.0 million,single,1.0,5,parsed,d7b4165a76a7b71c837ab4bd94fd5b042d0fb44dc07345c80f06b406f5c94e0b,BATCH_20260809T164702
5e0fb48744331266,ART0703,56baeba4f76f7b5f,2023-08-16,2100000000,USD,$2.100 billion,single,1.0,18,parsed,a25312a5e3de4555ac283012d46005289c9867368522bda3c5c5ae474fb8e0bb,BATCH_20260809T164702
5e2a2407d0563def,ART0258,69b1b6087ce00dad,2023-02-08,7000000000,USD,$7.000B,single,1.0,7,parsed,859e61d0320b070dae055247e9a03b8a5e6463b79c2ab0bbdc1d3432ef569054,BATCH_20260809T164702
5e56d84e9d929396,ART0376,6feb65f1f31ac009,2023-07-20,1400000000,GBP,"£1,102,362,205",single,1.27,22,parsed,798793079415f9c71c2cad4bbdbbabf92632a93ee3f561f167fca059bd86c55d,BATCH_20260809T164702
5e742646c3d99615,ART0735,56baeba4f76f7b5f,2024-08-27,2576000000,EUR,"€2,341,818,182",single,1.1,19,parsed,4a3b5c62c4327a3b88d7497a223b5df431c599e922bb61a67186540b0ab4d41d,BATCH_20260809T164702
5ec91fafe3763812,ART0461,3c7de6fb4ac45663,2022-07-17,710000000,USD,$710.0 million,single,1.0,5,parsed,2c749cfa83df9f8bd7aa270f0bb1eb44c18bc1ee86c1b9b8512534def1355e63,BATCH_20260809T164702
6165cba784c9a35c,ART0697,d4ba83def8849af6,2023-07-02,7400000000,JPY,"¥1,110,000,000,000",single,0.006666666666666667,24,parsed,186bcc7583c87d7a53ab6ff845c732005a07f002a429994e87352319864d8f59,BATCH_20260809T164702
61cf791923ea4bc8,ART0390,569a3378224f0856,2021-03-30,130000000,JPY,"¥19,500,000,000",single,0.006666666666666667,15,parsed,070660d01244665b2729a9ac3d08761dfdf81419183a0e31d965b6429760483a,BATCH_20260809T164702
62174addf970b6e3,ART0665,42a286e6bf863c7d,2024-10-25,3910000001,EUR,"€3,554,545,455",single,1.1,22,parsed,f1ae7a8b2539cde88efaadc032989230f92f43c0f4198ab3feae432cce72aaf3,BATCH_20260809T164702
6248a3a81fe75a9b,ART0643,dfcafa5be73568ae,2022-05-09,1700000000,USD,$1.700 billion,single,1.0,19,ambiguous_resolved,5bab0daadf9fcee2df749bed97b60c16fb3d154ca2bf0ca9a0e67e0274d0e31b,BATCH_20260809T164702
644de55830f4f2bf,ART0242,bc082590153cc57d,2021-06-14,455000000,USD,$455.0M,single,1.0,26,parsed,f1e96c761f14c1ccd2f934791f7b4dc8fba8412d7ae27f2f607d9cf02e35253c,BATCH_20260809T164702
6501c40d62655367,ART0578,fa6bad2933b44844,2022-08-18,500000000,USD,$475.0M - $525.0M,range_midpoint,1.0,19,parsed,f13d2876f32fa727a6f6f326546f976228d6c95838dd4bf6aabdc3bc0bf3f31d,BATCH_20260809T164702
652d8f5ad48ea961,ART0472,6feb65f1f31ac009,2023-03-25,1200000000,EUR,"€1,090,909,091",single,1.1,22,parsed,40d84cd1b77bae44f394a2c5431c71d98dc435e8068c1e573d8290b132ed4981,BATCH_20260809T164702
6583035a7896237b,ART0131,d8aa559acd42fa29,2021-06-20,890000000,USD,$890.0 million,single,1.0,5,parsed,e278548f0f4d514d812c43f32bf6ce865e37c8386c6a02403cf5214bd250dfc6,BATCH_20260809T164702
658d4d72ead1db31,ART0475,73302ba5dd85f6a2,2022-04-23,1180000000,JPY,"¥177,000,000,000",single,0.006666666666666667,14,parsed,f72fa36230c755870a3f92a544f81e2ecd6608feb6a080935730e1214c49e22c,BATCH_20260809T164702
663165d9e5dd56ce,ART0600,3c7de6fb4ac45663,2022-08-27,710000000,USD,$0.710B,single,1.0,5,parsed,d8edfbfde8c88b202c65ac96a73146d0b5640ade484fa4f68c85ebf8c2d22dc3,BATCH_20260809T164702
665cc52b110f2c5a,ART0241,6feb65f1f31ac009,2020-07-27,165000000,USD,$165.0M,single,1.0,19,parsed,6a0ac1786346a8b8af100367cacade4b1af418fb6dccc1edf47d4ba117474762,BATCH_20260809T164702
66aa943e33ba0412,ART0179,e08516ed2f0a45ec,2023-01-24,71000000000,USD,$71.000B,single,1.0,5,parsed,614a98e97d416ad2e3b6bdaac0a20cd7c33305a93cbf5c6c27548a3eed65219b,BATCH_20260809T164702
66e081533e9b4b00,ART0424,569a3378224f0856,2021-02-16,130000000,USD,$123.5M - $136.5M,range_midpoint,1.0,15,parsed,3a03ada21c047af53657151d8b2645c1a5ab8c6f9b3967b3bb7fc06c7081fcdb,BATCH_20260809T164702
672f65066b9a9ef1,ART0346,62269e661965e40c,2022-11-22,295000000,USD,$295.0M,single,1.0,10,parsed,00e13b8b920a0445dd060f87340ee9903914f4d84ce5aa67babc61cb782a9804,BATCH_20260809T164702
6751d7cb6d53838d,ART0251,42a286e6bf863c7d,2021-10-22,1550000000,USD,$1.550B,single,1.0,19,parsed,a7ccfcaa8a8099e8f00752b94159e5985909320aa16df66065a25dab7747764f,BATCH_20260809T164702
676f860639f46508,ART0644,01d1347202f9d160,2024-12-14,1647000000,USD,1647.0M USD,single,1.0,26,parsed,bdfed100a222689cee0084e081d3fdb371e7099481b56e12993b8a5fbd12f144,BATCH_20260809T164702
67744127e9269305,ART0246,524afd4c0fc5ca4f,2021-10-15,65000000000,JPY,"¥9,750,000,000,000",single,0.006666666666666667,6,parsed,2684411ebe04aacec7607e6b003a40dec67f075469e757aa8f67e9f0699029b0,BATCH_20260809T164702
688de9e6c5900906,ART0714,569a3378224f0856,2024-07-15,3420000000,USD,3420.0M USD,single,1.0,18,parsed,9226f8a133aff126e414a1ccdba933bb3b1cc2682cf3d8cc6a6f443874984e1c,BATCH_20260809T164702
6893f2f6a4105df6,ART0658,73302ba5dd85f6a2,2024-02-05,1785000000,USD,$1.696B - $1.874B,range_midpoint,1.0,16,parsed,fc1b965d9ad0d8d47398fb4e54e0e452b4e91ca421351c1e4d891952425c24c5,BATCH_20260809T164702
69852e573b61b6b8,ART0523,3c7de6fb4ac45663,2023-03-27,830000000,USD,$0.830 billion,single,1.0,6,parsed,936e2a0fd9de3cbfaf6d76a0ed2740430f260713ea805cd1eb8e76a9fa10e6a3,BATCH_20260809T164702
69eb0e6c96dbb160,ART0615,bc082590153cc57d,2023-04-02,790000000,EUR,"€718,181,818",single,1.1,28,ambiguous_resolved,a512f8cd9c49a26961ed5ab70e3e68df906c7d896ab9b68fe2bb85e3c58faa23,BATCH_20260809T164702
6ad509d1abf21d81,ART0609,3c7de6fb4ac45663,2024-05-27,1044000000,USD,$1044.0 million,single,1.0,7,parsed,50fc1eb15d7e50ead8e891369403ec812f9d7c8d14701622b8382daa88d57d78,BATCH_20260809T164702
6ad7acc8b7ed0a1f,ART0479,56baeba4f76f7b5f,2023-04-02,1800000000,EUR,"€1,636,363,636",single,1.1,18,ambiguous_resolved,de0171e13c1ef2acd8aa15c8353420b0b9951f31946c614348a3e8ea2874324d,BATCH_20260809T164702
6afb600c2a28ec3f,ART0068,e08516ed2f0a45ec,2021-07-19,55000000000,USD,$55.000 billion,single,1.0,3,parsed,65b568d6f6acd92dd86912ca1ed232ccf6b5210bead776318cb745a4e73e9aa3,BATCH_20260809T164702
6b6761f23fc28aa3,ART0717,10c8bf3d1264efe9,2024-08-13,58500000000,JPY,"¥8,775,000,000,000",single,0.006666666666666667,7,parsed,a9d55e8117f8830ab2a7e0c53d63a176865e5f4de62c9454abbc751e5aa97f68,BATCH_20260809T164702
6bb58cfb8fc9002d,ART0728,62269e661965e40c,2024-04-08,388000000,USD,$368.6M - $407.4M,range_midpoint,1.0,12,parsed,6165beb59998eba16e98079024ee861d1f44818ca975d23f1df8afdbca218b61,BATCH_20260809T164702
6be2887cb303298a,ART0571,c0aaf8e6dcad202a,2023-05-12,2520000000,USD,$2520.0M,single,1.0,11,parsed,88ffb9bace052594b07e340cfdcef8b8f3dd61c5729df2870c6a60bf6e192249,BATCH_20260809T164702
6c8ed44aca5b877a,ART0046,bc082590153cc57d,2022-02-07,600000000,USD,$0.600 billion,single,1.0,27,parsed,3692087f51563a4e35c49e33a78c31dfcb365fdffaa374ca7fd35d2b12e7305f,BATCH_20260809T164702
6cca79ae2dae62d7,ART0321,d8aa559acd42fa29,2020-06-23,660000000,USD,$660.0 million,single,1.0,4,parsed,e1f76e6eb13090b70bc43bda44d2eeab1f33881ca4c5a7ee9c343a897cf61c9b,BATCH_20260809T164702
6d50e25751a26224,ART0021,dfcafa5be73568ae,2023-10-03,2400000000,JPY,"¥360,000,000,000",single,0.006666666666666667,20,parsed,ae65739a934bcfca043923d64cd7985683d896cf826830874f44fb3fdb24840d,BATCH_20260809T164702
6d781129275785f2,ART0383,3c7de6fb4ac45663,2020-09-22,145000000,USD,"$145,000,000",single,1.0,3,parsed,89fe39f1b708fb1f563b6ed0a3e54503d872c48791015602f76a4f4516167646,BATCH_20260809T164702
6e301d7691b876c6,ART0028,10c8bf3d1264efe9,2020-11-22,12600000000,USD,$12.600B,single,1.0,3,parsed,bcd431133c6b7a02e7ad66783b93d9bb12bea81fcf773bb83aa1e44be22cfb77,BATCH_20260809T164702
6e382717cbf179bd,ART0310,73302ba5dd85f6a2,2022-02-11,1080000000,USD,1080.0M USD,single,1.0,14,parsed,04a7c86c1698de0bbf0d3f5bf5bffa72be83ea69f0aabbd1df1f26d8592a7eb1,BATCH_20260809T164702
6e41e29af437850d,ART0552,69b1b6087ce00dad,2024-06-08,9520000000,USD,"$9,520,000,000",single,1.0,8,ambiguous_resolved,7e92139cec533c6e7ecb245fdf5ec3e3f86c08a582f648f4d14c8442db82d775,BATCH_20260809T164702
6ed20b790762dcb5,ART0317,3c7de6fb4ac45663,2020-12-30,175000001,GBP,"£137,795,276",single,1.27,3,parsed,8a9095fe39e24f195172a51dcbddee70b2a701d51b79c1fed4070d311ab29ddc,BATCH_20260809T164702
6f2778908d191387,ART0657,e08516ed2f0a45ec,2024-07-20,82290000000,JPY,"¥12,343,500,000,000",single,0.006666666666666667,6,parsed,0a65781175d2f0ff3b7ce1d24bd360b46d8e6067e6d901d3403f483a590dee41,BATCH_20260809T164702
6fa3db282790549a,ART0524,10c8bf3d1264efe9,2024-06-21,54000000000,USD,54000.0M USD,single,1.0,7,parsed,0770a00f40a2968cfa6cbb43606df92774012a6964a56e1ae05b1fea5b0ae010,BATCH_20260809T164702
6fd012adcd1aeab6,ART0273,fa6bad2933b44844,2022-11-17,570000000,USD,$570.0M,single,1.0,19,parsed,094542bc5e98139bb79e780c713d21b9d5db296a32ef7efac0828a70f279dd4c,BATCH_20260809T164702
7001033e202f6309,ART0661,d4ba83def8849af6,2024-01-18,7878000000,USD,$7878.0M,single,1.0,25,parsed,80c416c673f7617ea822b0ccee7e3a0bc98fab55b022df73e708f2f5dfc06f9b,BATCH_20260809T164702
7008aa1f42c0e35e,ART0647,569a3378224f0856,2024-01-09,2250000000,JPY,"¥337,500,000,000",single,0.006666666666666667,18,parsed,6c1f9b8d226bbcaabf87705c40dd0fbf5812b0f2afa273d679875487f06a51dc,BATCH_20260809T164702
7035c4120f3ef1be,ART0045,01d1347202f9d160,2020-08-22,455000000,USD,$455.0 million,single,1.0,22,parsed,746a1fbf71487ebd369b2537fe821e905e854017d142479b1abc4b373dcb3f51,BATCH_20260809T164702
709347a5522bd078,ART0629,62269e661965e40c,2024-05-21,388000000,USD,$388.0 million,single,1.0,12,parsed,6b0df15ce45aefaecfa45d7310acefbcd9b69ec19fbb4c220165828a94fb8e7e,BATCH_20260809T164702
715875903ad0072f,ART0628,d8aa559acd42fa29,2023-12-27,1250000000,USD,$1.188B - $1.312B,range_midpoint,1.0,7,parsed,f479bbe17b16d17bf7918e1e11b5d870a5b3b9fb47b91404c129532cdc0ba9e7,BATCH_20260809T164702
71e98f32c21383ed,ART0259,e08516ed2f0a45ec,2022-01-08,61000000000,USD,"$61,000,000,000",single,1.0,4,parsed,2209014e2972dc4d7437c1f26527742dcf3576b4221f9505470653ce17f143a9,BATCH_20260809T164702
729580ee33c66ae6,ART0667,62269e661965e40c,2024-04-08,388000000,JPY,"¥58,200,000,000",single,0.006666666666666667,12,ambiguous_resolved,722767e644ba29e4c868f0f2fccc4c6d64ec10282cc7700b25ef8645ce57d86d,BATCH_20260809T164702
72ca89319cf50956,ART0490,2fb982d0e0f54e89,2021-04-06,38000000000,USD,"$38,000,000,000",single,1.0,13,ambiguous_resolved,d6d4d1532ba2a71538cfecf6b480fc1f7572af037fa68a78fc843050fc560efd,BATCH_20260809T164702
72e92fcf4f9a5761,ART0099,56baeba4f76f7b5f,2022-05-18,1550000000,GBP,"£1,220,472,441",single,1.27,17,parsed,f8e9f29ffe5b6c63eecc4656f1322ecec1a3d154b1063db69acff6b11b01d434,BATCH_20260809T164702
7307803c2373ac14,ART0704,3c7de6fb4ac45663,2024-11-12,1215000000,USD,1215.0M USD,single,1.0,7,parsed,3a90457761f283a81e2a9128c088edbcba356e7cb7c5bf60d48895e510bd6c76,BATCH_20260809T164702
758f2ccc12d3a6a0,ART0399,10c8bf3d1264efe9,2020-10-29,12600000000,JPY,"¥1,890,000,000,000",single,0.006666666666666667,3,parsed,edfa1d485ec4bd7be721ab3ad5e5cbcf69506ff553438bd52fe0d2da0dfd7f4c,BATCH_20260809T164702
75f2007d19ab2bb0,ART0104,42a286e6bf863c7d,2020-06-05,780000000,USD,$780.0 million,single,1.0,18,parsed,1c08b17d0e5b4c4e1463c5fef4c7164695ad7dc2126908663533d8218eac6ec4,BATCH_20260809T164702
76a67062f0b65290,ART0363,69b1b6087ce00dad,2021-01-11,3000000000,USD,$3000.0 million,single,1.0,5,parsed,12744cd4c3502cbdf78cee0bfd4159c04e57f676b398ce84383900837f199964,BATCH_20260809T164702
76ba4464e6b1eeea,ART0270,73302ba5dd85f6a2,2020-02-29,500000000,JPY,"¥75,000,000,000",single,0.006666666666666667,12,parsed,cae820ad027d799a1acbbd0c2cb67900e343ce5623ce0aa94e7d541eb94b6f0e,BATCH_20260809T164702
7769505b92bdc0fd,ART0274,fa6bad2933b44844,2022-05-17,430000000,USD,$408.5M - $451.5M,range_midpoint,1.0,19,parsed,f751b1c8542963f78cf077697201b2e70148567067e1bc1f9204fe85783509e2,BATCH_20260809T164702
778e96971ee0c309,ART0126,73302ba5dd85f6a2,2020-06-18,540000000,EUR,"€490,909,091",single,1.1,12,parsed,187170bbe7a60b04625c2fc179b43d0035be188902b32d8b16ce5ec716be9e77,BATCH_20260809T164702
790059f6d759f88f,ART0275,73302ba5dd85f6a2,2022-02-05,1080000000,EUR,"€981,818,182",single,1.1,14,parsed,b9e45616f2dc25b08a411b2b9642f31bfbfd669fc8830d336257d6137fc43774,BATCH_20260809T164702
7947a6c56b6b3ce9,ART0603,dfcafa5be73568ae,2024-10-16,3480000000,USD,$3.480 billion,single,1.0,21,parsed,746bfbf4d04ac34936a9c547dc0e176a6b007f41ae8c7409b1002b91a5a943d7,BATCH_20260809T164702
79df1c3efcee1816,ART0654,42a286e6bf863c7d,2022-05-19,1820000000,USD,1820.0M USD,single,1.0,20,parsed,db8bb0cef36530758002af18ae98f60dd0ac844e9832f0b56f688c77752331de,BATCH_20260809T164702
7b40f16658b4f453,ART0397,3c7de6fb4ac45663,2023-10-07,900000000,USD,900.0M USD,single,1.0,6,parsed,e1e66c691e4252e44d7d41a36c2c4a2ad17f69a2ab303f644c976cd99cd90423,BATCH_20260809T164702
7bc695de8a59f961,ART0541,6feb65f1f31ac009,2024-07-03,1830000000,USD,$1830.0M,single,1.0,23,ambiguous_resolved,10ca895e00441bf610fb8470a59f4ac2397fca9756e9d7c20e60d10aa08fd548,BATCH_20260809T164702
7c8984322cd3fa24,ART0128,dfcafa5be73568ae,2020-04-27,420000000,USD,$420.0 million,single,1.0,17,parsed,19507471a7283cc051e750f0e9a64ca59203b8acbf4ca180fdb5677095372256,BATCH_20260809T164702
7c972a7f4d8a3e69,ART0033,69b1b6087ce00dad,2022-02-15,5000000000,USD,$5.000 billion,single,1.0,6,parsed,9e07b446c6a7900ec02525f6112662a69df1d1f5083a7b893d5a4f6cb0313012,BATCH_20260809T164702
7cf0c683654aad2b,ART0158,42a286e6bf863c7d,2022-07-28,1900000000,USD,1900.0M USD,single,1.0,20,parsed,f913603bc95a946ddfbf7428817079277691eb590e32dcfcd2b1f0e8d0798288,BATCH_20260809T164702
7d32f93026843269,ART0250,6e06c972a9911c0d,2020-10-29,12000000,EUR,"€10,909,091",single,1.1,14,parsed,9004e1c8c5b48f998e9705a0135be5e73b41db0cb67690ba5672604885582b89,BATCH_20260809T164702
7dcfe5dda3b456f6,ART0580,01d1347202f9d160,2023-05-15,1180000000,USD,$1.180B,single,1.0,25,parsed,85f572b44c95c67d21dd16a7c8b1ddced7b3b7160c6ff0c1ed770db13672d489,BATCH_20260809T164702
7e176aa5858c7322,ART0569,62269e661965e40c,2024-09-05,399000000,USD,$399.0 million,single,1.0,12,ambiguous_resolved,b8f698f80c17e39ec0ae4bf4670cff14f4efac822b2c1215fa04965f39256052,BATCH_20260809T164702
7e6e0b0f1df4aba9,ART0059,56baeba4f76f7b5f,2023-05-01,1920000000,USD,$1.920B,single,1.0,18,parsed,06fc112851925fd235a1f108b48d56e9a0a6d6b2f164dc00103f7d78a2b4b097,BATCH_20260809T164702
7ea2751311cd029c,ART0335,bc082590153cc57d,2020-04-24,285000000,USD,$0.285 billion,single,1.0,25,parsed,1cbd17cfdc119fc8aa3e67043087c40881bc80616097a8390f5096353762792e,BATCH_20260809T164702
7f0e9911039fccd0,ART0506,62269e661965e40c,2024-05-05,388000000,GBP,"£305,511,811",single,1.27,12,ambiguous_resolved,c849aa38ded857bd1425a3939a4c6d2121cd39e8426969c9bbf124bc5a8cdd1c,BATCH_20260809T164702
7f2c7df9754d694a,ART0672,56baeba4f76f7b5f,2024-03-05,2392000000,USD,"$2,392,000,000",single,1.0,19,parsed,977375424ede521b3a6a656d2d37dff3f8531f0dbecff953efa22575a34a2f1b,BATCH_20260809T164702
7f61868a885bc300,ART0611,69b1b6087ce00dad,2024-09-01,9520000000,USD,$9520.0M,single,1.0,8,ambiguous_resolved,9159349897af029664503a7bd41387f6befe148f69033bfa59c6ac5431415ad6,BATCH_20260809T164702
808eaba486c2db63,ART0172,42a286e6bf863c7d,2022-05-02,1820000000,USD,$1.820B,single,1.0,20,parsed,dc795b7bf0cce3b56244d49943bfd0ed4f77aba7b5100d384ef63d81446ccd3a,BATCH_20260809T164702
80a723cc1af57b06,ART0515,fa6bad2933b44844,2023-09-13,735000000,EUR,"€668,181,818",single,1.1,20,parsed,64e87783e95b2a387a916ec9c29e499944b9d52dc18ed33488885b39c4e30d93,BATCH_20260809T164702
80cd57bfddad260a,ART0553,569a3378224f0856,2024-09-15,3420000000,USD,$3.420 billion,single,1.0,18,parsed,a3fc51c4119596840415f650403eb0dc38e460417ec91e8db9062b5ec0d75256,BATCH_20260809T164702
814b121b221a614a,ART0070,69b1b6087ce00dad,2021-10-13,4300000000,USD,$4300.0 million,single,1.0,5,parsed,5efcc87bd9f0e37fb5af530356100011f8aa80b42aafd6a32105eb376bbf3dc7,BATCH_20260809T164702
818cd8f14a7fec24,ART0350,fa6bad2933b44844,2023-10-18,760000000,USD,$0.760 billion,single,1.0,20,parsed,1ac08013e2bd9a935bdb066d29f1f3eaee7655f03626c378ffc3b82657bd65cf,BATCH_20260809T164702
8237818be882df21,ART0303,d8aa559acd42fa29,2023-04-13,1160000000,USD,$1.160B,single,1.0,7,parsed,5370077aef80caa0064b3ad1a20db747175c31a225e755112988682c0c28b5ca,BATCH_20260809T164702
834bc69e0663996e,ART0306,73302ba5dd85f6a2,2023-11-22,1700000000,USD,$1615.0M - $1785.0M,range_midpoint,1.0,15,parsed,9b52f68bf1636320e9dfa8acc80a9559396c2aae2e21495bff23ccea6dabaa9a,BATCH_20260809T164702
83cb1160cddd7493,ART0351,42a286e6bf863c7d,2023-02-09,2300000000,USD,$2.300B,single,1.0,21,parsed,c5cc46836d064ce5884c9a747187309dc327bf291684794bd337181b54c23000,BATCH_20260809T164702
840d70e481a64be5,ART0034,62269e661965e40c,2021-10-21,275000000,USD,$275.0M,single,1.0,9,parsed,d0c5e5f0e96df27fb8445291f8b415efe0e2f0e6e93ef53cac55dd82567c5a03,BATCH_20260809T164702
849813d52a81f400,ART0577,2fb982d0e0f54e89,2024-01-19,95040000000,JPY,"¥14,256,000,000,000",single,0.006666666666666667,16,parsed,498c84db616778cbeafb30867e9c6f5a3fab8a229dfd6a095ef80d7b012b6da9,BATCH_20260809T164702
84c1d1bcd12c6467,ART0161,0053c79ac2b8060a,2022-10-26,25000000000,USD,$25.000B,single,1.0,7,parsed,00d275928590932c8bfb74a5a32ce4c03041fa04e1aaf7438d471ac8c4280bbf,BATCH_20260809T164702
850f514a39a783d2,ART0530,524afd4c0fc5ca4f,2024-03-06,96900000000,USD,$96.900B,single,1.0,9,parsed,d114994a19fa7000b4f629a9a0014d46b3c04693f2339728d9d7b13e0b2b5c82,BATCH_20260809T164702
85e060f5d8c1b908,ART0189,62269e661965e40c,2021-05-19,245000000,GBP,"£192,913,386",single,1.27,9,parsed,e335b0168b9d7b6311c4799fcadd33c391f5320b504c73f27c7df74c9ce4f477,BATCH_20260809T164702
85e743f3e1544c24,ART0075,01d1347202f9d160,2020-10-20,500000000,JPY,"¥75,000,000,000",single,0.006666666666666667,22,parsed,0a5c385d04fad4220ddb88441783789f221c015ee57f7de749f4833d0394c71e,BATCH_20260809T164702
85fac043fea5b2be,ART0355,42a286e6bf863c7d,2020-01-18,720000000,USD,720.0M USD,single,1.0,18,parsed,b92bc6a33e105025d2d596638b78947b7a0512fa5b41d12454339ef70ee04b91,BATCH_20260809T164702
86502514f2ad0e83,ART0656,6feb65f1f31ac009,2022-11-16,1130000001,GBP,"£889,763,780",single,1.27,21,parsed,ed5a213b2bd93c580740210ef3e66a85621ed6228464e46d86c222010e5c994a,BATCH_20260809T164702
869b1f48082e2eb8,ART0097,569a3378224f0856,2020-10-20,95000000,USD,$90.2M - $99.8M,range_midpoint,1.0,14,parsed,94f7a9b961d5b6fd51fc4856eab06a273451964f7e9cb46329dbefe345b88788,BATCH_20260809T164702
86e1f497f14ecd69,ART0668,6e06c972a9911c0d,2024-10-03,1034000000,USD,$0.982B - $1.086B,range_midpoint,1.0,18,parsed,8d798c0fdab7c006ead0905c6873773c9d7eeab4668d499d897ef9051ca527d9,BATCH_20260809T164702
86e9d2baa2ded97d,ART0747,bc082590153cc57d,2022-01-26,600000000,JPY,"¥90,000,000,000",single,0.006666666666666667,27,parsed,c78f9f64c7152273b9d67587913e29b472a7dd9608c01b6dee3e5459397df594,BATCH_20260809T164702
87219f5fd052c94b,ART0082,d4ba83def8849af6,2023-10-08,7400000000,JPY,"¥1,110,000,000,000",single,0.006666666666666667,24,ambiguous_resolved,bd6b65bb4e4c97a4a69034784cd4cb747176a353be9335d5adb77c14e5ac2c29,BATCH_20260809T164702
87b12d06c9630052,ART0186,3c7de6fb4ac45663,2020-11-28,175000001,GBP,"£137,795,276",single,1.27,3,parsed,44df589e40f2c303171194101503482f97bbee2fe3be22a4def6dff656ef7546,BATCH_20260809T164702
881fd241434b3db2,ART0333,fa6bad2933b44844,2021-03-09,210000000,GBP,"£165,354,331",single,1.27,18,parsed,74ac4a23aff93178a55b934e686c91021795a75b73bebbeb54746619cc171da3,BATCH_20260809T164702
88c36dc14e3f01fe,ART0586,42a286e6bf863c7d,2022-12-16,2050000000,GBP,"£1,614,173,228",single,1.27,20,parsed,1ab83cf531cc428247a956c833ff02ad6b0a495c2d2837a96a8f813702fab3f2,BATCH_20260809T164702
89e9d819c25bee1a,ART0563,01d1347202f9d160,2024-08-21,1566000000,USD,$1.566 billion,single,1.0,26,parsed,43172003f3cac7bffcb6e7ac35b55bbede10352ec543c394fd79984adfffece9,BATCH_20260809T164702
8a19ca4a66006bc9,ART0318,42a286e6bf863c7d,2022-03-08,1700000000,USD,$1.700B,single,1.0,20,parsed,bf2651923b5748962780a40fce748a9dd5f436e61b174b8536fdaee5b732afb9,BATCH_20260809T164702
8af49223f6797f2e,ART0224,c0aaf8e6dcad202a,2020-04-21,620000000,USD,$589.0M - $651.0M,range_midpoint,1.0,8,parsed,23d0240a60a9a9c236a5fddb4d56e366d7f2ec7c0314ed10e36485c5103a4857,BATCH_20260809T164702
8b0f45a5419a714c,ART0736,3c7de6fb4ac45663,2024-12-21,1215000000,GBP,"£956,692,913",single,1.27,7,parsed,1b23c009e09f7fb3921c6e2f8c9930e1596023a8636d12f6ad94d6e2a93016ce,BATCH_20260809T164702
8b32a3940b196cee,ART0512,dfcafa5be73568ae,2024-08-19,3168000000,USD,"$3,168,000,000",single,1.0,21,parsed,7b0f7c12c3f2e1ac571637157698e42713269dc1496f6daa01d131080dd51921,BATCH_20260809T164702
8bb8c09ef51710da,ART0213,c0aaf8e6dcad202a,2023-03-18,2350000000,USD,$2.350 billion,single,1.0,11,parsed,43ecd4f641915e68a4bafa54b83f48846afca72867913c38763b8ec7a7b0e92e,BATCH_20260809T164702
8bd01945b23d20e6,ART0262,bc082590153cc57d,2023-02-07,790000000,JPY,"¥118,500,000,000",single,0.006666666666666667,28,parsed,47a2fd4fe09d8b003e5a3e99cc5a2bd87bdfd9d078e5867d736f8fa4b7a88dee,BATCH_20260809T164702
8c4d08528f804202,ART0594,62269e661965e40c,2024-09-10,407000000,USD,407.0M USD,single,1.0,12,ambiguous_resolved,59e196b2dd4633be75b1d3c3f70092cade53ee98d7c05006ebfa9280e5a456a0,BATCH_20260809T164702
8c9440d1cfd4684e,ART0358,e08516ed2f0a45ec,2022-11-24,68500000000,USD,$68500.0 million,single,1.0,4,parsed,0d1d039fd7ef445904efe46dbdd4e609545918ae036111212fcffd8b8f0f312b,BATCH_20260809T164702
8cb8116f5f5e7ec5,ART0292,e08516ed2f0a45ec,2023-08-18,75800000000,EUR,"€68,909,090,909",single,1.1,5,parsed,aea7b633c54ddb181d7a9b44b47a7fbe37f70fb3e71f5dfcd542fd38c24f686f,BATCH_20260809T164702
8cc8cec9b85df0a0,ART0058,6feb65f1f31ac009,2023-07-05,1400000000,USD,$1330.0M - $1470.0M,range_midpoint,1.0,22,parsed,5db69d6aa29e0cf7559894704b1cd824bb2dc794ed9b28983404fe7819bf4888,BATCH_20260809T164702
8d5bbb19f5ef1f81,ART0459,6feb65f1f31ac009,2022-07-02,700000000,USD,700.0M USD,single,1.0,21,ambiguous_resolved,9ea46c0b7108d7c42203367757f7683aec18ca29503de913243e3608e37180c9,BATCH_20260809T164702
8d79ae9533a9cd65,ART0713,69b1b6087ce00dad,2023-01-23,7000000000,USD,$7.000 billion,single,1.0,7,parsed,ced7fc49ff620028a94e556791d6ea41a1dc5cf908d27bd8bc0729fa1d9404ad,BATCH_20260809T164702
8dacd79abbd7a15e,ART0534,6e06c972a9911c0d,2023-02-28,320000000,USD,320.0M USD,single,1.0,17,parsed,919a3364f658ecd6926b218805f3f1a8e473b252c65b04bfa5f1d53299ce1463,BATCH_20260809T164702
8dbea91dedeebbe5,ART0593,d8aa559acd42fa29,2024-06-26,1350000000,USD,$1.350 billion,single,1.0,8,parsed,7652afa447eb58438558970c84154840696c6871e73b3de1b53f933720d2a441,BATCH_20260809T164702
8e057af1d197aae4,ART0232,d8aa559acd42fa29,2023-09-04,1200000000,USD,$1.200B,single,1.0,7,parsed,aa9ee6372a92752999ff98d69441939aec79c85c3636c983cfc4e7361e1803cd,BATCH_20260809T164702
8e7d9c7083cafd32,ART0071,56baeba4f76f7b5f,2022-12-13,1700000000,JPY,"¥255,000,000,000",single,0.006666666666666667,17,parsed,dc017e0cd487d070393807c6f6aa22f0d5d819c1e47eb1aeeca8398aef2a85fa,BATCH_20260809T164702
8e84fa4610edba61,ART0115,10c8bf3d1264efe9,2021-05-04,15000000000,GBP,"£11,811,023,622",single,1.27,4,ambiguous_resolved,c1d3c70751179bf2c1c6ebc1294b2a55fb709f90d34a6298e899afb5caa1fd19,BATCH_20260809T164702
8eaed93908112a12,ART0712,01d1347202f9d160,2024-11-03,1647000000,USD,"$1,647,000,000",single,1.0,26,parsed,934bded4d6a3d75e162a2a183cd082d268ecfb65c7342505db570d3bc6bed41c,BATCH_20260809T164702
903f8b09b2af1ccd,ART0466,42a286e6bf863c7d,2021-09-12,1380000000,USD,$1.380B,single,1.0,19,parsed,d562fadf5d2f95280151aee99d9ee04cfcd585792bd4ce41d5b2c04044c13776,BATCH_20260809T164702
9048abea674757ab,ART0308,6feb65f1f31ac009,2023-10-15,1500000000,USD,"$1,500,000,000",single,1.0,22,parsed,1eb4dc0de774e185945a5bfbbd598a48c4214c493f1e16c6577ab8b754f39315,BATCH_20260809T164702
919c63a636a70ac9,ART0387,d8aa559acd42fa29,2023-02-17,1100000000,USD,$1100.0 million,single,1.0,7,parsed,12aa7bd551ff9479010ce693401dc5fe553d1945c6c6a24c2a8b851281b3da25,BATCH_20260809T164702
9241f055c2d353f4,ART0487,fa6bad2933b44844,2023-12-12,760000000,USD,$0.760 billion,single,1.0,20,parsed,b9b021895d66c7b2d30cfc8e8de723ccc6b5e2677bb7df39d13602eabea2db15,BATCH_20260809T164702
933673ce7c129472,ART0562,c0aaf8e6dcad202a,2024-11-16,3612000000,USD,"$3,612,000,000",single,1.0,12,parsed,ea71ed1e39b7d22b04403ccfa0876972fdc8f72038f0d3c3e74312b7d520d225,BATCH_20260809T164702
936649d624fbdde5,ART0077,d4ba83def8849af6,2021-08-28,4200000000,USD,"$4,200,000,000",single,1.0,22,parsed,bf6e6cfdc1d779a8af49ad641fe7a7058eee5b717749177a9177745b06a25434,BATCH_20260809T164702
93b936ac20384fd2,ART0505,d8aa559acd42fa29,2024-04-03,1350000000,EUR,"€1,227,272,727",single,1.1,8,parsed,431e1beaf2860da93d41dc1beaabfe19deae6f8347f058c453038a30edce0b05,BATCH_20260809T164702
93f3e6b68f748d64,ART0394,e08516ed2f0a45ec,2023-10-11,78000000000,GBP,"£61,417,322,835",single,1.27,5,parsed,bfb74d6b46e77b6b3fedc44c318d34ca379bf8dcceae12e7c325c35053e23c29,BATCH_20260809T164702
945ff0ae6dcb6303,ART0599,56baeba4f76f7b5f,2024-07-06,2576000000,USD,$2576.0 million,single,1.0,19,parsed,4e75cd67ecb19e71c16557b531e609e5e5f75b00bd595de4bb981056cf7a9fb8,BATCH_20260809T164702
94c3bedab8d757c1,ART0416,42a286e6bf863c7d,2023-09-12,2950000000,USD,$2.950 billion,single,1.0,21,parsed,c0f8c1fa9f89bb081422fbf0f9b045ecd0f5bddcf2353d34b249b95059be44eb,BATCH_20260809T164702
94c8d3d462e8f91c,ART0236,10c8bf3d1264efe9,2022-04-25,17800000000,USD,$16910.0M - $18690.0M,range_midpoint,1.0,5,parsed,3cac774d8bcad4a986b32b1fd0869c4512989b7f85247c36ff929b925abfdce7,BATCH_20260809T164702
95f985aae18b324e,ART0341,73302ba5dd85f6a2,2022-11-30,1380000000,USD,$1.380B,single,1.0,14,parsed,e19ae41ea5bc2069f288118223222c89dd08e4ae2951abded0d3f1bbd9cf04eb,BATCH_20260809T164702
962c2336340d0bfe,ART0623,524afd4c0fc5ca4f,2024-12-20,102600000000,USD,$102.600 billion,single,1.0,9,parsed,5f7886b127e052761ec8a39e1e4414e923186f027e1df53a41262a6269b924d0,BATCH_20260809T164702
96d2f8d587334ca1,ART0187,73302ba5dd85f6a2,2021-12-09,990000000,USD,990.0M USD,single,1.0,13,parsed,93ebacf3d94f9bf8b60b537e97409394e52956160fc737041d4a6458fc419153,BATCH_20260809T164702
976a3fe38905118f,ART0112,e08516ed2f0a45ec,2023-12-10,78000000000,USD,"$78,000,000,000",single,1.0,5,parsed,ce5f1f7c04be75f9c8ff612b902a7a0c2d474aee6dccf289b64c63aa796f50fa,BATCH_20260809T164702
977017d6a9ef2501,ART0411,10c8bf3d1264efe9,2022-04-09,17800000000,JPY,"¥2,670,000,000,000",single,0.006666666666666667,5,parsed,469f79360bab2ceb7ad9787f6b6f420049aa08446d2598c70be292c9b549886f,BATCH_20260809T164702
997adfddec35bd5f,ART0206,c0aaf8e6dcad202a,2023-04-23,2520000000,USD,$2520.0 million,single,1.0,11,parsed,9a1ed2fe8f67e3eaf69d1706450f1a06fca430b5c3e98e209cabeba7d44c5078,BATCH_20260809T164702
9a0e21dc5308d1ca,ART0493,69b1b6087ce00dad,2023-01-13,7000000000,USD,$7.000B,single,1.0,7,parsed,f00774c4b9ccc9f5debd9800c4ba005c8de3c28f92a2de9f96bd96323cdd244c,BATCH_20260809T164702
9a397aead33b7df0,ART0396,d8aa559acd42fa29,2022-09-26,1030000000,USD,$1.030 billion,single,1.0,6,parsed,a7126885fbe3c59304e7da2bd4657bed17a78553f779deebfa715d4e541b6eac,BATCH_20260809T164702
9acaa5a48f6e69ab,ART0406,2fb982d0e0f54e89,2020-10-10,26000000000,USD,26000.0M USD,single,1.0,12,parsed,a98140faa155d7c2ad616c36eedc1121ccec516aeebc6f668ebc5b89c4ff20ed,BATCH_20260809T164702
9b9d0c3ffc22c0a4,ART0488,bc082590153cc57d,2023-11-03,980000000,USD,$980.0M,single,1.0,28,parsed,da724249eefe04690668a8f519ce73b779bbb4533b92f588c55d1d9018a8babc,BATCH_20260809T164702
9ce4925125f57b8a,ART0510,3c7de6fb4ac45663,2023-10-12,900000000,USD,$0.900B,single,1.0,6,ambiguous_resolved,6cf92ec7ea42b05a5fe46e34ca702f1efae060bfa44d0accbf8160ccc5fbc000,BATCH_20260809T164702
9e3e588db0da3db8,ART0708,10c8bf3d1264efe9,2023-08-05,40500000000,USD,$38.475B - $42.525B,range_midpoint,1.0,6,parsed,3e45abdd55b459111420c3cd6738fa004579fa99216237f5de7cdab929017272,BATCH_20260809T164702
9e7bf0cebfb09be2,ART0602,0053c79ac2b8060a,2024-09-10,36380000000,USD,"$36,380,000,000",single,1.0,9,parsed,f464a9b13037e8a6dfe0fae5adc0d459aa582a8dcd8765c721a757e64cc1e423,BATCH_20260809T164702
9ed4de33da60288f,ART0561,dfcafa5be73568ae,2024-12-11,3480000000,USD,$3480.0M,single,1.0,21,parsed,171a1e11fda2c3e2dd11c7fe94d1f7f86371fe77369ba6f99a08cb44ff1bd026,BATCH_20260809T164702
9efbc609c594a0b3,ART0185,3c7de6fb4ac45663,2021-07-28,340000000,USD,$340.0M,single,1.0,4,parsed,e645e0374cca729542032a85431c09abc143c6ad1a221887dc9f37dad32b223c,BATCH_20260809T164702
a0cd769ade3552f7,ART0382,0053c79ac2b8060a,2022-12-09,25000000000,GBP,"£19,685,039,370",single,1.27,7,parsed,b96aeb1492150f207a7c8479a68ab77507930e1d87350bd433870970c70f5918,BATCH_20260809T164702
a1d2c679cce8b911,ART0675,0053c79ac2b8060a,2024-10-08,37400000000,EUR,"€34,000,000,000",single,1.1,9,parsed,5d30670bf912f148952ba64cd5ddd91b63f785c56a7004a121cf9e249cbcdbbe,BATCH_20260809T164702
a36635738e2874c3,ART0560,e08516ed2f0a45ec,2022-11-10,68500000000,USD,$68.500B,single,1.0,4,parsed,4032290fe4c78a5cfeaf5e940251fb50f46da679a9d460615b99642581ed8c3c,BATCH_20260809T164702
a45fa313327e805d,ART0124,56baeba4f76f7b5f,2021-08-23,1320000000,USD,$1.320B,single,1.0,16,parsed,5af87dbd4e406d11aaf85ebfef4a64e38d453e3709ce9a1ff0972bec6d805c0e,BATCH_20260809T164702
a4788f359a90f7cc,ART0503,524afd4c0fc5ca4f,2024-09-06,98800000000,USD,$98.800 billion,single,1.0,9,ambiguous_resolved,c7cd6948cdb6a553d935b003c975c25252e11fbc130bcc1aede492edcb1c905b,BATCH_20260809T164702
a526b4c845256586,ART0113,42a286e6bf863c7d,2021-01-28,1050000001,EUR,"€954,545,455",single,1.1,19,parsed,d564698baf18da5a953d0d635249ebdef13bd36dc854553173a9c677b92c4d39,BATCH_20260809T164702
a645cea907f05d44,ART0204,bc082590153cc57d,2022-03-07,600000000,USD,$570.0M - $630.0M,range_midpoint,1.0,27,parsed,f4ad07affb6b2a514560fdd74bbe6095409e52d90b8aafb510d107be64dac265,BATCH_20260809T164702
a768a83cbae585ae,ART0638,dfcafa5be73568ae,2024-07-21,3168000000,USD,$3.010B - $3.326B,range_midpoint,1.0,21,parsed,72e97b94585ba21cb2fc6e3c8042099a7c8197d2aa7e67bf493816f78d59b3fe,BATCH_20260809T164702
a7c1a3947be524de,ART0049,10c8bf3d1264efe9,2021-07-25,16000000000,JPY,"¥2,400,000,000,000",single,0.006666666666666667,4,parsed,f1d2f50243265b0e82421c658911f1d29e6343752513b1a3f2ec8093baa6df5e,BATCH_20260809T164702
a7fedd2025e02260,ART0163,73302ba5dd85f6a2,2023-03-18,1480000000,USD,1480.0M USD,single,1.0,15,parsed,97de1511d7ea86895cc90b0123db524fc3c02b033c7767f83124a9bbc4679261,BATCH_20260809T164702
a8193e97028b06ff,ART0492,c0aaf8e6dcad202a,2020-08-11,730000000,USD,$730.0M,single,1.0,8,parsed,001ce99cb0c3be13010aee84b9df1f92c199575d7f349acbc4cfe1dc6310416c,BATCH_20260809T164702
a85f0459723e1c26,ART0228,69b1b6087ce00dad,2022-07-17,6100000000,USD,"$6,100,000,000",single,1.0,6,parsed,373f9239b93619198ddb4a45216a4d3a0f9a24abfb1f36ebc9631c9b90f19346,BATCH_20260809T164702
a8cd6e1171057a66,ART0540,0053c79ac2b8060a,2024-12-02,37400000000,USD,$37.400B,single,1.0,9,parsed,291beb54efd17222d1d684abe71bb1e2344799deca7692fc64961749cae569c9,BATCH_20260809T164702
a90c3335037838b0,ART0359,fa6bad2933b44844,2022-07-10,500000000,USD,"$500,000,000",single,1.0,19,parsed,a9ee6ed0edbeea1f2fdb808371e593cc656ab0175b6ecf7d950beec37539a7df,BATCH_20260809T164702
a92841e51a4fc248,ART0234,2fb982d0e0f54e89,2023-02-28,82000000000,GBP,"£64,566,929,134",single,1.27,15,parsed,fb74be63a63705dfd34b39fe82a0958e8cf9222b1e70f770c8748cf647321dfe,BATCH_20260809T164702
a92aa2d55b8d8b59,ART0441,c0aaf8e6dcad202a,2020-05-22,620000000,JPY,"¥93,000,000,000",single,0.006666666666666667,8,parsed,256cc49a4012ba036d14b828861b84e26db21c54798a8c35e943dbe87647d3c9,BATCH_20260809T164702
a92c8b9e147a81ac,ART0141,6e06c972a9911c0d,2022-02-25,95000000,USD,$95.0M,single,1.0,16,parsed,c9e27dccf4ae7688c002f927148736151b1647d6f8b718a31c11e6da45a01532,BATCH_20260809T164702
a9e4dd1e66d542f5,ART0375,524afd4c0fc5ca4f,2020-03-27,38000000000,USD,$38.000B,single,1.0,5,parsed,f38b9b9b7b689b7905da74cc1f18e25a585673304753cc19dd8e53334e780bba,BATCH_20260809T164702
aa442dc144e69d65,ART0564,524afd4c0fc5ca4f,2024-07-28,100700000000,USD,100700.0M USD,single,1.0,9,parsed,a86ea67c61d46e30042c16815ba0c02764547053acd57ac740ee356ee153f0d2,BATCH_20260809T164702
aad47efe95c68a0f,ART0470,e08516ed2f0a45ec,2023-09-01,75800000000,USD,$75800.0 million,single,1.0,5,parsed,516c1618e4490900ecd4299a82a2c471952fa2bedbb4ba0a4ad2907fbee76d9f,BATCH_20260809T164702
ab0ded14683b8dbe,ART0188,569a3378224f0856,2021-07-13,240000000,USD,240.0M USD,single,1.0,15,parsed,3cf4c2aa5cbb09546698381a369a8286f231d6de1fcf0b32e8d4f4db8a9c912b,BATCH_20260809T164702
aba6352008ad360a,ART0684,10c8bf3d1264efe9,2024-10-14,62100000000,USD,62100.0M USD,single,1.0,7,parsed,fb7e9770036162c7cd7735ccd5da26a4112eb4860252b36828c1a322451fddb1,BATCH_20260809T164702
abd340c434943297,ART0480,2fb982d0e0f54e89,2021-03-27,31000000000,USD,31000.0M USD,single,1.0,13,parsed,067541cf7f2f13b32882fa9d21d6ca1d75bcb3c14f0dd9e442086f7599ad9067,BATCH_20260809T164702
ac04dfc513b307b4,ART0088,e08516ed2f0a45ec,2021-05-28,52500000000,USD,$52.500B,single,1.0,3,parsed,38626e89b4a0593865a46364db6de51dc7553ad5cee462e53c5724853c91c619,BATCH_20260809T164702
ae2c0663416cc409,ART0612,569a3378224f0856,2024-04-24,2790000000,USD,"$2,790,000,000",single,1.0,18,parsed,3f7c828c3cd8291f4b2e7f598e66dc0c767893859bc1f2af86e2d5da83fbe413,BATCH_20260809T164702
aed88f0159d87fe8,ART0460,62269e661965e40c,2020-09-06,170000000,USD,$170.0M,single,1.0,8,parsed,f0ee40ce837299ee6bb8610e37b0face164c93b49ea4056401e53a5da4f554cc,BATCH_20260809T164702
aeeff6483ef77a1f,ART0056,6feb65f1f31ac009,2022-03-31,700000000,USD,$700.0 million,single,1.0,21,parsed,f712632060769b4e1e9c1e14640cfdfeb7024cf5c9c7e0079311190e313b2a88,BATCH_20260809T164702
aef9761fba68ca8b,ART0212,62269e661965e40c,2022-05-26,315000000,USD,$299.2M - $330.8M,range_midpoint,1.0,10,parsed,16db4b6f5b02281e5cc9841d1ce1f79142f920e7447f3fa107c7460659fc4cac,BATCH_20260809T164702
aefb4d0eac2abe9c,ART0036,10c8bf3d1264efe9,2023-09-05,40500000000,USD,$38475.0M - $42525.0M,range_midpoint,1.0,6,parsed,9feaa18b1e7121dec60359e148d5e5e3ada7cf4a6636f84d07f2f0ba44c2b637,BATCH_20260809T164702
af1fae64ebe5c8c8,ART0442,2fb982d0e0f54e89,2023-04-04,90000000000,GBP,"£70,866,141,732",single,1.27,15,parsed,5042f819a97f5ff192b9b54fa444ea39380fdec14dbdecd15aeecf20ce77444f,BATCH_20260809T164702
af7a1478d90f1121,ART0551,01d1347202f9d160,2024-02-23,1431000000,USD,$1431.0M,single,1.0,26,parsed,6968403a776c2f1af2628c26a0a3c6506cbdd41fb1db597fff61459c2a33eaa2,BATCH_20260809T164702
afd71635b5011e56,ART0663,69b1b6087ce00dad,2023-12-22,8500000000,USD,$8.500 billion,single,1.0,7,parsed,f3d2a92866f350cf1d519909cbe183a98213910b56418b78d9744a6f6cf16863,BATCH_20260809T164702
afdde8c73bb6b2c4,ART0617,6feb65f1f31ac009,2024-05-11,1725000000,JPY,"¥258,750,000,000",single,0.006666666666666667,23,parsed,aa908e798093aa7c2779386cbc861a827e091fa258b0bc7507ee8eae92cfdade,BATCH_20260809T164702
b022a16a94ced207,ART0220,42a286e6bf863c7d,2022-05-14,1820000000,USD,$1.820B,single,1.0,20,parsed,a77ec0931f1acca7fff8fa0a56e2d058ba76ffdb73c347662d3a1de129a1781d,BATCH_20260809T164702
b0255d2c673dccc3,ART0673,e08516ed2f0a45ec,2024-05-19,80730000000,USD,$80.730 billion,single,1.0,6,parsed,26d79b7aed355cf5ca3f0aa6ba526f613c05d5172795ceeaba52790e11355208,BATCH_20260809T164702
b03cd4684456b7ea,ART0337,62269e661965e40c,2020-05-20,150000000,USD,$142.5M - $157.5M,range_midpoint,1.0,8,parsed,b4479eb01852d6336ec0e36ef0699eabe42bfe82289ea738ec8f1ba834886f34,BATCH_20260809T164702
b06a831a9dce4796,ART0389,0053c79ac2b8060a,2021-06-04,14500000000,USD,$14.500 billion,single,1.0,6,ambiguous_resolved,1301c81a67a5a9cdc161d9b0afc3e1bbb1c26c05d02880de276a640386ddc1b2,BATCH_20260809T164702
b19d7ab0f220e55d,ART0542,dfcafa5be73568ae,2024-07-03,3168000000,USD,"$3,168,000,000",single,1.0,21,parsed,d75d2c53e33f61f5f7e7cc47a297302db5fb5895fbd61a7987cfdbcdf35c9bd1,BATCH_20260809T164702
b1a9494a2b2ca067,ART0374,0053c79ac2b8060a,2021-05-21,14500000000,JPY,"¥2,175,000,000,000",single,0.006666666666666667,6,parsed,9f04abe91a51b66f9bb68c35369017cfb4b6587e829d1ace95b85387d581811b,BATCH_20260809T164702
b22c3f2353f8cefe,ART0547,2fb982d0e0f54e89,2024-07-14,98880000000,JPY,"¥14,832,000,000,000",single,0.006666666666666667,16,parsed,4c0916905b5f26e99a51b0e92dcf15e0e1888cbbbee18f4cd0fc0114eccd0385,BATCH_20260809T164702
b22ffe1afbd15e1e,ART0357,bc082590153cc57d,2023-03-25,790000000,USD,$790.0 million,single,1.0,28,parsed,92759e25716c62b04c033f31c9fa36cb236af803cd80bfc8225d9ea965440bc7,BATCH_20260809T164702
b243f8b136ec4262,ART0200,d8aa559acd42fa29,2023-11-09,1250000000,EUR,"€1,136,363,636",single,1.1,7,parsed,18e94bb9d20a451eb3215a97ed31b7af25f099a9fdc0120609798034403850dc,BATCH_20260809T164702
b2798a13a3e41bee,ART0207,69b1b6087ce00dad,2020-10-09,2600000000,USD,$2600.0 million,single,1.0,4,parsed,1319b5529069f065ce57bfb995812b03e5459bd77df6a8df8cfde44e8d1fee4f,BATCH_20260809T164702
b2bc60974ca905d6,ART0119,01d1347202f9d160,2023-06-14,1180000000,USD,$1.180B,single,1.0,25,parsed,683c5e6c5ee53f8cf4a92fb70e5c9c5164216d7c354aa63d6d710afac7857090,BATCH_20260809T164702
b314388440a34c47,ART0516,01d1347202f9d160,2022-07-15,945000000,GBP,"£744,094,488",single,1.27,24,parsed,06c6e9688e4ea966b787996852952edc5a83493225774342ab0d51a4dc2270cb,BATCH_20260809T164702
b3c5ec6535a5bc95,ART0307,6e06c972a9911c0d,2021-06-30,28000000,USD,$28.0M,single,1.0,15,parsed,9cc60ab848dad99399da509644d18ea51d5490442c50e9ce1d98b15b27f318fd,BATCH_20260809T164702
b465c4f1abf40725,ART0495,524afd4c0fc5ca4f,2021-04-09,58000000000,EUR,"€52,727,272,727",single,1.1,6,parsed,6dfc7c85c3350fc4e77031017930e63bd37b6a8e87810e6a5993ae668015d679,BATCH_20260809T164702
b5bc30039066eae4,ART0352,dfcafa5be73568ae,2021-04-14,900000000,JPY,"¥135,000,000,000",single,0.006666666666666667,18,parsed,a8cf0339af1ecc19c3f207450d9dac84be304b25f3275a94c71eb64ae2d2b55f,BATCH_20260809T164702
b5e1e0d6c9477c2a,ART0592,42a286e6bf863c7d,2024-03-07,3536000000,USD,"$3,536,000,000",single,1.0,22,parsed,91efdd92a93178262b753ab78941275bbfe021e4baf331c18853817532070002,BATCH_20260809T164702
b61e9aa1a8f5904e,ART0584,bc082590153cc57d,2024-03-13,1019000000,USD,1019.0M USD,single,1.0,29,parsed,0b908cd822c336d9c99d056df586019443272d2b1c50ecbdd2f61e79f1aedafd,BATCH_20260809T164702
b62215f33c844d6f,ART0066,10c8bf3d1264efe9,2020-11-20,12600000000,USD,$12.600B,single,1.0,3,parsed,330e8e4a6430473df841997797a04de2add260ab7da3aa647c13a69fb92ef7d5,BATCH_20260809T164702
b69868d61d5b3870,ART0463,e08516ed2f0a45ec,2022-06-02,64000000000,USD,$64.000B,single,1.0,4,parsed,3e7f2bb84a968d69772a3cc8edbc4129669b9e93300b18472257e645b1bb9131,BATCH_20260809T164702
b6a294cd451b694b,ART0427,d8aa559acd42fa29,2020-02-08,610000000,USD,$610.0 million,single,1.0,4,parsed,56f350f717aa49528031364d50bab17d89df9aaddd16facd06d000129ab591fe,BATCH_20260809T164702
b7988268e53b751c,ART0525,bc082590153cc57d,2023-04-15,860000000,EUR,"€781,818,182",single,1.1,28,parsed,ccd74f0d0ef2f232dcc20dbf09be4573089de3ba3f2e2d545d9ba5ab07444f31,BATCH_20260809T164702
b7b07a947c8ea8f3,ART0094,d4ba83def8849af6,2023-02-13,6600000000,GBP,"£5,196,850,394",single,1.27,24,parsed,8915308ec4f60407e0d250b779df00aa45ce2cbdb0bb1715f36bece80240ab0e,BATCH_20260809T164702
b94011310a5a5c36,ART0670,524afd4c0fc5ca4f,2024-09-27,100700000000,USD,$100.700B,single,1.0,9,parsed,6cfeaad169050759585fcb10746cc8f30a30d97db0beca9cf37fff2b0f2f750e,BATCH_20260809T164702
b9505fe28caeee5e,ART0340,6feb65f1f31ac009,2020-10-01,130000000,USD,"$130,000,000",single,1.0,19,ambiguous_resolved,f64ed5c957668051704eb4818e2dedb2245341c4046fdf29ca47dd4dbc342992,BATCH_20260809T164702
b9753c106b0bcc28,ART0367,56baeba4f76f7b5f,2022-01-19,1460000000,EUR,"€1,327,272,727",single,1.1,17,parsed,cca9c31274cd1d0e8b851605ed44512750ebf15429deaabc98afce3fac853b2e,BATCH_20260809T164702
ba15b1a1d44a4b74,ART0410,6e06c972a9911c0d,2020-01-31,5000000,JPY,"¥750,000,000",single,0.006666666666666667,14,parsed,e2ea03ec8fa8a8c06d0832d1a6b89548aa4909a27b73e6563b6d860d6238f215,BATCH_20260809T164702
ba2d039378dfe1a6,ART0555,bc082590153cc57d,2024-10-27,1156000000,EUR,"€1,050,909,091",single,1.1,29,parsed,9f111dc968aaa8a78e778f0da0499f6aaf52e7890aa6b836b1e9bf85657023ea,BATCH_20260809T164702
baf15da809cff1e3,ART0598,c0aaf8e6dcad202a,2024-05-27,3192000000,USD,$3.032B - $3.352B,range_midpoint,1.0,12,parsed,bd5b5f557df0a73a9d8353d68ac6a24331b2e3b36771ed8089611b57b831279a,BATCH_20260809T164702
bc906c30157ca1e2,ART0719,73302ba5dd85f6a2,2023-04-02,1560000000,USD,$1560.0 million,single,1.0,15,parsed,f7297da22f9759d9322ae5d405914b8bb026a8eb8013cae72f92f4e63b2c7963,BATCH_20260809T164702
bd2d5d91dbba35fa,ART0184,01d1347202f9d160,2023-08-13,1260000000,USD,$1.260B,single,1.0,25,parsed,3cbd3e081e3e39c82603645133060f7ea7833b93e836c6cbf0358bf7c2007193,BATCH_20260809T164702
bd2e1928ca66b5e0,ART0253,fa6bad2933b44844,2020-08-01,135000000,EUR,"€122,727,273",single,1.1,17,parsed,c38c64e4e1ef5e52212cb25c93e55bcdea870f9a613f2eca2af1243915ddcfc7,BATCH_20260809T164702
bd7634fb5fb61456,ART0257,42a286e6bf863c7d,2023-06-10,2600000000,USD,"$2,600,000,000",single,1.0,21,parsed,82c481fe10e5baa9ae4dbd740ce6d34be92b20655ab8927dab54a0f4dd437cff,BATCH_20260809T164702
bdf4ed1e31e6df7a,ART0225,0053c79ac2b8060a,2022-05-11,25000000000,USD,"$25,000,000,000",single,1.0,7,ambiguous_resolved,6c77ec6ea9f8df0c80f592f33d32b605879b08c8e9410ea7f5b2ad53dfe13eeb,BATCH_20260809T164702
bee60fa6d4393d5e,ART0120,69b1b6087ce00dad,2023-06-29,7600000000,USD,$7220.0M - $7980.0M,range_midpoint,1.0,7,parsed,a1905e82c0b5fb9588f7c94c6abc6c03d470a3dbaf91be166bdc7d635a245244,BATCH_20260809T164702
bf0e5534d0ae3160,ART0142,01d1347202f9d160,2022-10-15,1010000000,USD,"$1,010,000,000",single,1.0,24,parsed,3b2446f1ed2a991e3572ec64f1169747f972ce7bf24a92f6b99124086a318e7c,BATCH_20260809T164702
bf21476c6d28f81d,ART0016,56baeba4f76f7b5f,2020-04-20,1030000000,USD,$1.030B,single,1.0,15,parsed,122fa287e457cab9ea7c909db03cb8ed185fc6c866dbeff617890647edecf12b,BATCH_20260809T164702
bf503746fb5d0bc3,ART0433,e08516ed2f0a45ec,2021-07-14,55000000000,USD,$52250.0M - $57750.0M,range_midpoint,1.0,3,parsed,fd482e0c5951aec4f6ab1e9ad4b26e51b28452f8307d2e950a7d32c813532c96,BATCH_20260809T164702
bf98a75465efb0ee,ART0700,10c8bf3d1264efe9,2024-10-09,62100000000,USD,$62.100B,single,1.0,7,parsed,f698a3a4b8622401cfdfe466a4e57f632c870d757fc5bec656cb82a8be129ed0,BATCH_20260809T164702
bfc61298c9ef6d2d,ART0639,569a3378224f0856,2023-02-07,1450000000,USD,$1450.0 million,single,1.0,17,ambiguous_resolved,661bc187d084e80bd097a870c42824dfa66877e3190939f88d84bce392d74131,BATCH_20260809T164702
bfdeaf9dfab8aaa8,ART0108,56baeba4f76f7b5f,2023-08-27,2100000000,JPY,"¥315,000,000,000",single,0.006666666666666667,18,parsed,fd06125b522ea91cef7d6ece4020dd7326d6bfffc788ea31d78016267f8dd396,BATCH_20260809T164702
c0fb3a7843ba2287,ART0635,56baeba4f76f7b5f,2024-12-12,2691000000,EUR,"€2,446,363,636",single,1.1,19,parsed,a71886a7748cd9b8626f0c309edc4197b3028c5137148f068822dfb62ffd4dae,BATCH_20260809T164702
c12f0e4f90bff2da,ART0537,56baeba4f76f7b5f,2022-12-24,1700000000,JPY,"¥255,000,000,000",single,0.006666666666666667,17,parsed,3d17c028807d55dfca6fc59de1ccf35f366c52081508b0185d4831ba2bb234e9,BATCH_20260809T164702
c19c8f6938f4ed52,ART0198,d8aa559acd42fa29,2022-01-06,1010000000,USD,$1.010B,single,1.0,6,parsed,b9b4dddf2d151c61888acedbe28c14bebcb9c853dfabf9d70145533fda90bb83,BATCH_20260809T164702
c2a20050e54a163d,ART0660,524afd4c0fc5ca4f,2024-10-23,102600000000,USD,$102.600B,single,1.0,9,parsed,93b8adf0e9a09695bcfa26c46fb61fa6c4ee5afbda966b8accbbc1ac05a2b86b,BATCH_20260809T164702
c2c80ea9565ebc09,ART0328,c0aaf8e6dcad202a,2022-08-09,2050000000,USD,2050.0M USD,single,1.0,10,parsed,64b617a88ec79a9661ebbb881df7feadf6bb69e04e66740b207db3c75f5ccd39,BATCH_20260809T164702
c312e4560f2865b3,ART0080,524afd4c0fc5ca4f,2020-09-27,45500000000,USD,$45.500 billion,single,1.0,5,parsed,39edd943e8e0f60bcaee85313e68168f0c29540d9fbc2dcd9e98537d48752a33,BATCH_20260809T164702
c3281dd30d79e51c,ART0664,d8aa559acd42fa29,2024-04-25,1350000000,USD,1350.0M USD,single,1.0,8,parsed,f4cefa5388aa0f5500b8309a496d4b2e4b723a55f7b41d6902163c2f33d93c70,BATCH_20260809T164702
c35c0fd171dd9c1d,ART0698,d8aa559acd42fa29,2024-08-26,1400000000,USD,$1.330B - $1.470B,range_midpoint,1.0,8,parsed,fd0b5e5359bee4e2ccda461b3024555cb1d8824b085a4f0a71f65dac95777188,BATCH_20260809T164702
c450c5cd9dc465cd,ART0121,69b1b6087ce00dad,2023-06-13,7600000000,USD,$7.600B,single,1.0,7,parsed,68664156967a5f6ef7ccebd30439cbcd7aaf2273158f057dd01226ad75b5921f,BATCH_20260809T164702
c4b0454a464b93d3,ART0249,6e06c972a9911c0d,2023-05-17,380000000,USD,$380.0 million,single,1.0,17,parsed,589a9f54195ed449b57356265a80ff35cd485ea2c1ef1a8d267783a3629b6276,BATCH_20260809T164702
c52393a8afb81369,ART0554,10c8bf3d1264efe9,2022-02-26,17500000000,USD,17500.0M USD,single,1.0,5,parsed,bd03f0487ccedceee3d5ee93f5dd37eaa629e5440ae8be6fa2dcda0bee6c64be,BATCH_20260809T164702
c5f933a6611bf52d,ART0432,569a3378224f0856,2021-10-01,320000000,USD,$304.0M - $336.0M,range_midpoint,1.0,15,parsed,8e7a8a437626a33aed56265902b4e2561f9122cddf2e2df02e09cfdbefaaaadf,BATCH_20260809T164702
c6776bb7302bca6f,ART0620,6feb65f1f31ac009,2024-05-01,1725000000,USD,$1.725B,single,1.0,23,parsed,c3958e50de3e750b4b4cf879986e93ea18ae36f73b110b8b074aca4b06e7809a,BATCH_20260809T164702
c6a02b9253205e3d,ART0659,56baeba4f76f7b5f,2024-05-23,2484000000,USD,$2484.0 million,single,1.0,19,parsed,9bc30bd4216f27213b93ed1f3a7b69ae0efd5d1f0708b04a41ac750cd6ead521,BATCH_20260809T164702
c6bf03d082a78b62,ART0294,01d1347202f9d160,2023-10-21,1350000000,USD,$1350.0 million,single,1.0,25,parsed,0e9f4b863a613b5175bdcc2e7a789b1c1688cca2a3c074043d864dd1ff3a62c0,BATCH_20260809T164702
c6e8b877d07700a6,ART0468,6e06c972a9911c0d,2020-02-21,5000000,JPY,"¥750,000,000",single,0.006666666666666667,14,parsed,138591fb074d3c0e758d5b50ec1e240f031a9257599029ce7ce12a4cd31bd26d,BATCH_20260809T164702
c73f32d446712d04,ART0386,c0aaf8e6dcad202a,2021-03-18,1000000000,USD,$950.0M - $1050.0M,range_midpoint,1.0,9,parsed,fdd4f0df7c7bed0384c2172be9ed86aa4b75dfeec0f5cd48f6abfb5e85e50e8a,BATCH_20260809T164702
c7c2c25d60a4d4c9,ART0304,73302ba5dd85f6a2,2022-05-07,1180000000,JPY,"¥177,000,000,000",single,0.006666666666666667,14,parsed,1117883bea2350f9dbc41e51ad09c6aea57f26653c09fa603718528d968ed913,BATCH_20260809T164702
c7d43f05d18c067c,ART0531,d4ba83def8849af6,2024-06-21,7722000000,USD,$7722.0M,single,1.0,25,parsed,046d326de11be098ccf1ab01f27849bc2d57779f693e682f006e568c866eee4b,BATCH_20260809T164702
c7fdad0cb5737893,ART0222,69b1b6087ce00dad,2023-11-07,8500000000,GBP,"£6,692,913,386",single,1.27,7,parsed,1bfdac4f06d1f3457143063dceea4b88cc5fecb145e4328bba86f3a07daa37ad,BATCH_20260809T164702
c7ffadcd8fbcf4b0,ART0680,69b1b6087ce00dad,2024-02-17,8925000000,USD,$8.925B,single,1.0,8,parsed,b2c6e5a44fb560d5e326a4c2ea72a60967c1417ced88bdb708bab8f69ea72ac7,BATCH_20260809T164702
c8b3ae8f07aa7687,ART0051,fa6bad2933b44844,2022-10-02,570000000,USD,$0.570 billion,single,1.0,19,parsed,069ff34f299c41982980e6b64fef21f291d45c7c36d35f765031b5d0e7570f53,BATCH_20260809T164702
c8c8795b113a8532,ART0324,bc082590153cc57d,2023-03-04,790000000,USD,$790.0M,single,1.0,28,parsed,55d5629f2ef6d4f518ba6c42e2a7d31e5123ecb17f023b830084999a21acde6c,BATCH_20260809T164702
c8fc898a95a431bf,ART0237,bc082590153cc57d,2020-05-07,285000000,EUR,"€259,090,909",single,1.1,25,parsed,38df935c3a7754f7d1a28ad49db63fa4e31ab585a6b199e597859ede8c1b7a98,BATCH_20260809T164702
ca0f31bd7ad424b9,ART0445,0053c79ac2b8060a,2021-10-13,17000000000,USD,$17.000B,single,1.0,6,parsed,ca40a689c07488c56313aa39e58751f2feca7346f5157737e50b1a106627d21b,BATCH_20260809T164702
ca3db04ad6fe0c4d,ART0504,d4ba83def8849af6,2023-11-27,7800000000,USD,7800.0M USD,single,1.0,24,parsed,c8d690b14f498b302ff053c1dd81bb60909900e2bef0b81951dc114739b820f6,BATCH_20260809T164702
cb404912ba9440eb,ART0133,d4ba83def8849af6,2021-04-04,3800000001,EUR,"€3,454,545,455",single,1.1,22,parsed,1a75cf0882130638f58e8461c4afbb3b59cb51d3afe165a2aa49af1c65bea489,BATCH_20260809T164702
cb4efeddcd0b8123,ART0087,2fb982d0e0f54e89,2023-02-09,82000000000,USD,$82000.0 million,single,1.0,15,parsed,dfda6c3747b664f1004a8973d76ef99d35a638a202ec55b9c8434bfebed64575,BATCH_20260809T164702
cc925d5f7303f94e,ART0327,bc082590153cc57d,2022-04-09,655000000,EUR,"€595,454,545",single,1.1,27,parsed,7e7043b6a711c9d77d13f4a53bd8c0d5d1094b32bd9eeb4749ee64b023b79527,BATCH_20260809T164702
cd63b9212dc4c865,ART0526,73302ba5dd85f6a2,2023-12-04,1700000000,GBP,"£1,338,582,677",single,1.27,15,parsed,4aea1a691cfa4650cc01555734b2f391852f83c8bd0a59ab333fae4fd74962c4,BATCH_20260809T164702
cde733803e8279b9,ART0709,fa6bad2933b44844,2024-05-25,1026000000,USD,$1026.0 million,single,1.0,21,parsed,2531258bf4837bc1ac7dce076b3a6307401785affe86c64f62d926d8c056764f,BATCH_20260809T164702
d0aeaed218a95945,ART0589,69b1b6087ce00dad,2024-11-14,9945000000,USD,$9945.0 million,single,1.0,8,parsed,9f4474703cba9f9d45b524610579f9ce11297843904eaa0ad6d32da09367eebd,BATCH_20260809T164702
d0d9c736eb56d430,ART0313,c0aaf8e6dcad202a,2023-06-20,2520000000,EUR,"€2,290,909,091",single,1.1,11,parsed,3baab3d34038921e04f7fbb6751116dfead3d83dbfda7bcd3d727d25dee3ce28,BATCH_20260809T164702
d1008fd788499189,ART0019,bc082590153cc57d,2023-01-15,790000000,USD,"$790,000,000",single,1.0,28,parsed,00cd222cb4ef95fa1721d94022826d0c5d61ba8bd76258c0ea17cac7653e63c5,BATCH_20260809T164702
d16c1b1ed2f07aa8,ART0733,56baeba4f76f7b5f,2024-03-26,2392000000,USD,$2.392 billion,single,1.0,19,parsed,c3e39b180f47686f7fcda0f2d3292a02713d5a21e0b3a1c937cce7e230c5ecad,BATCH_20260809T164702
d203e9c463ed497c,ART0316,6feb65f1f31ac009,2023-01-06,1200000000,USD,"$1,200,000,000",single,1.0,22,parsed,1cc6d84b3c2d49f451fc4b6272e388ef12699c8c90640f2f4453271ba021377a,BATCH_20260809T164702
d2c4e8047aeb0263,ART0239,56baeba4f76f7b5f,2022-08-06,1550000000,EUR,"€1,409,090,909",single,1.1,17,ambiguous_resolved,870ed48154a59517ce405da6e5b5c6cb6542f47f3fb1a011288efb403307138a,BATCH_20260809T164702
d397ac7ce9a443b9,ART0521,e08516ed2f0a45ec,2024-01-25,79170000000,USD,$79170.0M,single,1.0,6,parsed,bcf38a549bc42c429df38c650d4ea4a30721a87cd7d034d515fc02b449701784,BATCH_20260809T164702
d4213ea7b7521348,ART0724,c0aaf8e6dcad202a,2022-07-22,2050000000,USD,2050.0M USD,single,1.0,10,parsed,f8f36209fb77e387a9df45e23a3d783542b6607b715dee2fb9436fa660a2be71,BATCH_20260809T164702
d468a86ab4354927,ART0718,bc082590153cc57d,2024-02-16,1019000000,USD,$0.968B - $1.070B,range_midpoint,1.0,29,parsed,e53de4df80d813f40ec914e45aa5cbbaeb731db32dd9e417071bfe051af46e41,BATCH_20260809T164702
d4a5e621002173af,ART0137,62269e661965e40c,2020-07-10,170000000,USD,170.0M USD,single,1.0,8,parsed,6d217be5a4a8f5c7eeff6e51485c90f2893242695d7f6086d0cda68f42a04625,BATCH_20260809T164702
d4aa4ec3a4de7aed,ART0209,bc082590153cc57d,2021-03-27,390000000,JPY,"¥58,500,000,000",single,0.006666666666666667,26,parsed,2873bf6d2c9f6533351a0350882afd5bc87168cc25d1029421de1646e177019b,BATCH_20260809T164702
d4f8774b619a5f54,ART0511,0053c79ac2b8060a,2024-11-07,37400000000,USD,$37400.0M,single,1.0,9,parsed,243c0363aca6360daaefa0b909b3ec8d9172c1e475e775d36276e4248cb60826,BATCH_20260809T164702
d503b4d2c82ca87c,ART0085,01d1347202f9d160,2022-04-15,875000000,EUR,"€795,454,545",single,1.1,24,parsed,c85f0d91897cbff9645bee49220078ec808d51afac7ed02bbc1340712e009a85,BATCH_20260809T164702
d51741d9f9aeda86,ART0380,2fb982d0e0f54e89,2021-01-17,31000000000,USD,$31.000B,single,1.0,13,parsed,9fa22d01ff633e463db4211f0d0f60542091a8560fb75124d33fdee61e55b82f,BATCH_20260809T164702
d658f0aa4be1b86c,ART0329,56baeba4f76f7b5f,2021-01-01,1180000000,JPY,"¥177,000,000,000",single,0.006666666666666667,16,parsed,cd256a3f5a7af276e24d8714e3bda756c8489e7ba2f47d4097a66534ac9a19f7,BATCH_20260809T164702
d6e3042e700e6d0e,ART0069,e08516ed2f0a45ec,2023-01-08,71000000000,USD,$71.000B,single,1.0,5,parsed,d3379c5c897c60ca12b85f8dae1059ae15128f8bd6be88da00902c050a67161c,BATCH_20260809T164702
d74f52ff03113a57,ART0338,62269e661965e40c,2020-12-29,190000000,JPY,"¥28,500,000,000",single,0.006666666666666667,8,parsed,d07f13f05c70225a34a24bda16bda70a7fe59d1f159cf6b637a75f0f1cf0804e,BATCH_20260809T164702
d75c150e73975e41,ART0332,73302ba5dd85f6a2,2021-12-23,990000000,JPY,"¥148,500,000,000",single,0.006666666666666667,13,parsed,40335a66e4cec38cc4de037fd819b85633181a990265cc0eb3e2a5c1a29d5bd3,BATCH_20260809T164702
d79e7bf26af5ede6,ART0651,bc082590153cc57d,2024-10-04,1156000000,USD,$1156.0M,single,1.0,29,parsed,509f4f7c950bfa35a759e0d7b96ca797c10d55b31d191d9fba08e8dc791d1ed2,BATCH_20260809T164702
d8677a3fbe98cfe3,ART0368,01d1347202f9d160,2020-01-19,390000000,USD,$390.0M,single,1.0,22,parsed,c39558f235bf6cbbe0603b28a321e400db3cf538890e6339fec9bdef6039194f,BATCH_20260809T164702
d8ae025f9b57a50e,ART0682,3c7de6fb4ac45663,2023-09-14,880000000,USD,"$880,000,000",single,1.0,6,parsed,0d034ae32cbff33fb20ecd6911885ea9ac8c571475cc9c36a2a570cb99029126,BATCH_20260809T164702
d9e692d4478a477b,ART0631,6e06c972a9911c0d,2024-01-09,602000000,USD,$602.0M,single,1.0,18,parsed,115d0a23b8ebff29b88ddadad1f9c55af5fcc47aed8a00c00cab3199f7347516,BATCH_20260809T164702
da48d1543d45188c,ART0400,2fb982d0e0f54e89,2023-01-24,82000000000,GBP,"£64,566,929,134",single,1.27,15,parsed,11c32f2e71f08a121b719c886cba64cc022ad027410fc778964559b6c7226c00,BATCH_20260809T164702
dbd50cc288cb62eb,ART0546,10c8bf3d1264efe9,2024-07-18,58500000000,GBP,"£46,062,992,126",single,1.27,7,parsed,bdc66303da556c6404afeda69d0c637ddcf0ebf89b73bdfec2a8f9e297c82c03,BATCH_20260809T164702
dc4673aa992d309b,ART0566,62269e661965e40c,2023-09-03,310000000,GBP,"£244,094,488",single,1.27,11,ambiguous_resolved,0b67cd261e1f2b72efadea7f36697c60076bd35e971b7b26ea9b773a1de7675e,BATCH_20260809T164702
dd8983f73b8a9a3f,ART0458,0053c79ac2b8060a,2023-10-14,34000000000,USD,"$34,000,000,000",single,1.0,8,parsed,c0351a496db11092fe9d75ca649453e9f91cd58d663c0852f32df07fdc930115,BATCH_20260809T164702
ddfa111616045862,ART0726,01d1347202f9d160,2024-03-06,1431000001,GBP,"£1,126,771,654",single,1.27,26,parsed,cdfdc162697cfcbd444f2184219a507059cedbedafdd0969d97b7950afd054d1,BATCH_20260809T164702
de2bd82e12934f0f,ART0473,524afd4c0fc5ca4f,2022-01-27,70000000000,USD,70000.0M USD,single,1.0,7,parsed,dd186d69459a6114075a1988e05bab4bfacbd981c3d51f7d37ad56544fce1a9e,BATCH_20260809T164702
df21109fc038cd97,ART0587,6feb65f1f31ac009,2024-01-24,1620000000,JPY,"¥243,000,000,000",single,0.006666666666666667,23,parsed,e5011342926c49bf22a243d88b376e01a27e6cbf3cf4db33ddd7edd6d8316695,BATCH_20260809T164702
e027d48769324e64,ART0621,10c8bf3d1264efe9,2024-08-13,58500000000,USD,$58500.0M,single,1.0,7,parsed,a58e1f363689158a36efa66de8fd1b22651cc3d3f92f75703b2be093f6c0a5e2,BATCH_20260809T164702
e0e00c04f2c6b917,ART0625,d4ba83def8849af6,2023-01-18,6600000000,EUR,"€6,000,000,000",single,1.1,24,parsed,65cb0c9233b61897c3bbdfea5a70f33024c1b68702523748946119003a2c5a56,BATCH_20260809T164702
e21d56be4bdb9973,ART0573,3c7de6fb4ac45663,2023-10-10,900000000,USD,$0.900 billion,single,1.0,6,ambiguous_resolved,e6f46ca3e5c6a33b3bbe7c18dc59025b0ea4412a594378eafbfc9bc02e570dff,BATCH_20260809T164702
e220c1eb95dfa439,ART0173,6e06c972a9911c0d,2022-04-25,130000000,USD,$130.0M,single,1.0,16,parsed,3b470f85aaaecc2b755d2a42203060d325368f7a93777dfe05056b78c572a151,BATCH_20260809T164702
e23f6c481f2d391e,ART0102,569a3378224f0856,2020-06-08,75000000,USD,$75.0M,single,1.0,14,ambiguous_resolved,9a59f71fe4454609bca9a08aa845cf53514ae6bc3aa61d5015a5ae975f29113e,BATCH_20260809T164702
e25472a1dd6e435c,ART0053,42a286e6bf863c7d,2023-01-02,2300000000,USD,2300.0M USD,single,1.0,21,parsed,3850b39ddd6bd8b51a6355642c2d9b583e743db41ca70ab8aacda2197dc2a724,BATCH_20260809T164702
e39c596177996873,ART0430,73302ba5dd85f6a2,2021-01-24,720000000,USD,$720.0M,single,1.0,13,parsed,7bb252c1887d37866e44848143ed35ab08d8104f59cdc51e56e98b5c780c516e,BATCH_20260809T164702
e5161d1373691209,ART0384,73302ba5dd85f6a2,2023-12-07,1700000000,USD,$1.700B,single,1.0,15,parsed,051f84110d9e5d6a07679b78d484ba11f12ecaf2ceed267bf7924bf68d13fc02,BATCH_20260809T164702
e5f980dcfbc2e3ad,ART0122,d8aa559acd42fa29,2022-03-10,1010000000,USD,"$1,010,000,000",single,1.0,6,parsed,978e8c02c1025870930ca777b3e89de6cd7a973629cbcf013d07fe253a13054e,BATCH_20260809T164702
e5fde1e4c5c0c99b,ART0014,bc082590153cc57d,2020-01-15,260000000,USD,$260.0M,single,1.0,25,parsed,318e4281e716021d51949e2e6000ba7c8dda255f07085bea7805e4a0f2a8c508,BATCH_20260809T164702
e720f3f81475213a,ART0114,524afd4c0fc5ca4f,2023-11-19,95000000000,JPY,"¥14,250,000,000,000",single,0.006666666666666667,8,parsed,927d162128d98f3e09eece3f0355d9ae85d291148b6b94915d11220ceefd272f,BATCH_20260809T164702
e736073a38e6c495,ART0694,6feb65f1f31ac009,2024-08-11,1830000000,USD,1830.0M USD,single,1.0,23,parsed,506f2b85d0595a0391ab3883a2c40dc2edffb2a68b9c0600a181fa93067e759b,BATCH_20260809T164702
e7580e720e87ccde,ART0513,524afd4c0fc5ca4f,2024-04-03,98800000000,USD,$98.800 billion,single,1.0,9,ambiguous_resolved,df91a5e8ea9546681fa31644eabe1410e3b431c9820c4768135f97c9c80a2891,BATCH_20260809T164702
e778b7690f747b65,ART0720,42a286e6bf863c7d,2024-07-28,3774000000,USD,$3.774B,single,1.0,22,parsed,6d42534d84e0e002d4db5156b22199e77f385f7bc4c95ea10c8fd65dcb4c0951,BATCH_20260809T164702
e7c780532331aced,ART0180,e08516ed2f0a45ec,2021-04-18,52500000000,USD,"$52,500,000,000",single,1.0,3,parsed,4aab5ee4d4e2e32665209b927c7eec595f80d1477af4936f85caf852c90f34e1,BATCH_20260809T164702
e8707f4723cf894a,ART0061,c0aaf8e6dcad202a,2020-09-11,730000000,USD,730.0M USD,single,1.0,8,parsed,877a7196df6dbdc1429485ef9fb7b330bcd954ae16536154c8a17073bb32896a,BATCH_20260809T164702
e8e700b4bd44a6b3,ART0009,73302ba5dd85f6a2,2023-02-07,1480000000,USD,$1.480 billion,single,1.0,15,parsed,2d643623d2b3c3018410dcdb6864b6063d17451782fa814f4472bbaae45efa27,BATCH_20260809T164702
ea145e9f987ff4e4,ART0004,bc082590153cc57d,2023-12-13,980000000,USD,$980.0M,single,1.0,28,parsed,51ef6457deced087d2b67ac92316e6e54c2ab6f770a6c60d7dfec7c6dff255de,BATCH_20260809T164702
ea2e4d00fee0b78f,ART0483,bc082590153cc57d,2022-08-05,655000000,EUR,"€595,454,545",single,1.1,27,ambiguous_resolved,3974b26d17c83a715b07634eac1479198c9eae4c5bcc31a24eb22f7dd0ba5971,BATCH_20260809T164702
ea6cc0668dd90f38,ART0020,62269e661965e40c,2023-10-14,379999999,GBP,"£299,212,598",single,1.27,11,parsed,565714cc250cf9c6483749db7bf6d4bb8af2ae87c4172c691a7620a89b3d67e9,BATCH_20260809T164702
eac3905474b0596e,ART0743,69b1b6087ce00dad,2024-10-22,9945000000,USD,$9.945 billion,single,1.0,8,parsed,200e01e595f0f072fc6dde4c322b6b300d456ae813d4a36bd27cdc8143dcdedf,BATCH_20260809T164702
eb5957874091dfd0,ART0278,524afd4c0fc5ca4f,2020-07-18,45500000000,USD,$45.500B,single,1.0,5,parsed,a292f7f0d4661e237fbf71d66f9ae9c3c3bd1d75fc3b0fc69f6adb178633398d,BATCH_20260809T164702
eb7988313f773ab6,ART0101,42a286e6bf863c7d,2020-01-16,720000000,USD,$720.0M,single,1.0,18,parsed,2c99048b068749b78cd3a4101d90011dd50a54e53c267f8ad96d993efd40f589,BATCH_20260809T164702
ec3485348e43fe55,ART0192,bc082590153cc57d,2020-12-13,340000000,JPY,"¥51,000,000,000",single,0.006666666666666667,25,parsed,1b99218b5e82ddf7fd71c6cce0ba2ce60e8ce7a302d79e07d7eccff80a265c86,BATCH_20260809T164702
ec982368a88ffeb5,ART0556,73302ba5dd85f6a2,2023-08-21,1640000000,GBP,"£1,291,338,583",single,1.27,15,parsed,d0b33693d80568b2316bc7c449fe39a6f35cde450b43b1601a426f79807ad528,BATCH_20260809T164702
ed4643a02b3541c9,ART0550,fa6bad2933b44844,2023-08-15,735000000,USD,$0.735B,single,1.0,20,parsed,4c8738513f14501c185bb0e3c2310dd90893983f9a107e4c965a59f7cfe6ac09,BATCH_20260809T164702
ed557039e606cb87,ART0345,62269e661965e40c,2022-02-26,300000000,USD,$300.0M,single,1.0,10,parsed,f90a2a3e456fef91ef870de115a6fdcd99dabc95aaa57d336baff261b2d36506,BATCH_20260809T164702
edb4ea5075f13e4a,ART0471,56baeba4f76f7b5f,2020-12-15,1120000000,GBP,"£881,889,764",single,1.27,15,parsed,ee54610b502f2c4d52fa0c78880769df6c835910d1314208f7cef70b8d7190b0,BATCH_20260809T164702
edeccb0a8ff06328,ART0508,c0aaf8e6dcad202a,2024-08-16,3388000000,USD,$3.219B - $3.557B,range_midpoint,1.0,12,parsed,6fa69fe8e595f41066b297090f42570f4dc45a5f54b99773e1927c3c2d44cf0e,BATCH_20260809T164702
edf118f60a132772,ART0590,524afd4c0fc5ca4f,2022-01-20,70000000000,USD,$70.000B,single,1.0,7,parsed,6611c4293f796a6e248f4203d8b9a600d47755e98ea85b11e3eef658d186b0dc,BATCH_20260809T164702
ee2a279cd1ccfe02,ART0243,bc082590153cc57d,2022-03-19,600000000,USD,$600.0M,single,1.0,27,parsed,87805cde9014e9b4dca742835d188ea35d206a43a54db969fcb945a7d9e77624,BATCH_20260809T164702
ee54dc00de2aeae8,ART0086,6e06c972a9911c0d,2021-07-19,45000000,USD,"$45,000,000",single,1.0,15,parsed,2c4b74099ebd6eebda75012d62821a5140b4ae637fc76ca3a1c92734feb3d859,BATCH_20260809T164702
eea6f7d1de8de518,ART0326,3c7de6fb4ac45663,2020-10-13,175000000,USD,"$175,000,000",single,1.0,3,parsed,a6441f964ee3397664c026e96ac7cfeb782072ff7544bc00f752ee946c87632b,BATCH_20260809T164702
eed01df316775731,ART0549,569a3378224f0856,2023-10-21,1800000000,USD,$1800.0 million,single,1.0,17,parsed,bfce15f56438af0d3178778e810ef294369c380760f8a3feb92b4b63d693d3df,BATCH_20260809T164702
ef307c4647c3f2e2,ART0582,569a3378224f0856,2024-03-12,2250000000,USD,"$2,250,000,000",single,1.0,18,parsed,bf1f72d23346303053d6d0078471fc45fea847d0236a4f3c18a70a07dbf35c92,BATCH_20260809T164702
ef4081d9c4854575,ART0170,6e06c972a9911c0d,2022-10-28,250000000,USD,$0.250 billion,single,1.0,16,parsed,edf669c57f00edc6f4a8c5ae0beb6751f34f3f4cb7ba90fca26610684c7e744e,BATCH_20260809T164702
ef44afbee2d07355,ART0677,2fb982d0e0f54e89,2023-07-06,94000000000,JPY,"¥14,100,000,000,000",single,0.006666666666666667,15,parsed,976ba6940c36dc6d4e2851fb0ef4d94dad449bd516f6bc6d938678ef692fdf7a,BATCH_20260809T164702
efc2c2056198e9d1,ART0676,dfcafa5be73568ae,2024-10-02,3480000000,GBP,"£2,740,157,480",single,1.27,21,parsed,7dd37da591da9bda3d57e30c3a807b1b27d9a49a2eee135a3e41577b85eb1b16,BATCH_20260809T164702
eff2e06dded0dc34,ART0290,3c7de6fb4ac45663,2023-03-21,830000000,USD,$0.830 billion,single,1.0,6,parsed,89de92a47e6001fc63133559243dcdf0592e207eeb9fa4f8266447064d0d724a,BATCH_20260809T164702
f003166c48c465ad,ART0652,73302ba5dd85f6a2,2023-12-05,1700000000,USD,"$1,700,000,000",single,1.0,15,parsed,bb32afba91f023a14575dd95c185da950fd77c73aeac5496a684994eed6ac679,BATCH_20260809T164702
f09b4c54ef138030,ART0514,2fb982d0e0f54e89,2024-04-11,96960000000,USD,96960.0M USD,single,1.0,16,parsed,de3fb394d6c783bdf8f1d9a37a3a2f04d59cf4707b0e088b365cc6e0d8964761,BATCH_20260809T164702
f0c0da530186d0e7,ART0626,10c8bf3d1264efe9,2024-06-20,54000000000,GBP,"£42,519,685,039",single,1.27,7,parsed,a01afd006e17f82191edc5c82e6e3d559ec2b75ae6ff12e1192a679dce71acb9,BATCH_20260809T164702
f0c9df47ab96d612,ART0320,d8aa559acd42fa29,2023-07-22,1200000000,USD,$1.200B,single,1.0,7,parsed,4cf76b7e83f8602cbe9be35d5a697bba043ab11b00eb17b74aaed6dee70a788c,BATCH_20260809T164702
f0e874b07b56e07c,ART0731,62269e661965e40c,2024-07-04,399000000,USD,$399.0M,single,1.0,12,parsed,9316e4cb5958df2726c8a09cf92ae97dfbe81f2dcfe4501800afc00142454f10,BATCH_20260809T164702
f19f03fe7efb63bd,ART0429,d4ba83def8849af6,2021-09-11,4200000000,USD,$4.200B,single,1.0,22,parsed,768472bbc200a2fe92f2a03a94494a1cb8bd84281fa938f9f2a63965f20ca98e,BATCH_20260809T164702
f1d8e86c035a9f89,ART0485,01d1347202f9d160,2020-06-19,420000000,USD,$420.0M,single,1.0,22,parsed,52618951f2bb5ac27654890222736a9443e4ab74f8cc9d546d09a7b040a22a9d,BATCH_20260809T164702
f251ec8dfd36ae04,ART0605,e08516ed2f0a45ec,2024-02-25,79170000000,EUR,"€71,972,727,273",single,1.1,6,parsed,1cfb21fa10654dd24901732fd1cd55595935b57c8fe8482c302c929e30de2fe3,BATCH_20260809T164702
f2cce444625bcbe1,ART0418,69b1b6087ce00dad,2020-06-11,2100000000,USD,$2100.0 million,single,1.0,4,parsed,384960808959f0070be1f00fec8430f88c3620b9793e22de5e50d9c590786a35,BATCH_20260809T164702
f2e6be3325879ad7,ART0649,10c8bf3d1264efe9,2024-01-24,49500000000,USD,$49500.0 million,single,1.0,7,parsed,344a309ef2c38aae90be9866b28d801df3dd4375061d1521bbd2358daa4cb444,BATCH_20260809T164702
f3645eb45887cbf1,ART0674,3c7de6fb4ac45663,2022-05-28,610000000,USD,610.0M USD,single,1.0,5,parsed,d49c03c4179bc14fa86aca904f572afdec4aa3605374f2d9271707825ff3d117,BATCH_20260809T164702
f4e467c1024dc7a7,ART0575,56baeba4f76f7b5f,2023-09-16,2100000000,EUR,"€1,909,090,909",single,1.1,18,parsed,154a28f0fd1e63dd5d7946f203cd0bdcf4441afbac0ec77041844f3e13c3ebeb,BATCH_20260809T164702
f4f0a86c4467a15c,ART0223,10c8bf3d1264efe9,2023-05-15,36000000000,USD,$34200.0M - $37800.0M,range_midpoint,1.0,6,parsed,dad94d232248b0e7cf867618035809fa56787a143c087bc79188db9d975b770c,BATCH_20260809T164702
f617013a61f4331c,ART0231,6feb65f1f31ac009,2022-11-08,1130000001,GBP,"£889,763,780",single,1.27,21,parsed,79694f795eece0783ff2c3e554555aae6c02205105a9fb0426946f7b2bf378cc,BATCH_20260809T164702
f61e35a7443c1f96,ART0109,73302ba5dd85f6a2,2020-12-19,650000000,EUR,"€590,909,091",single,1.1,12,parsed,a9cb1a3dc962f67eb4aca9f968601c0bc7ac05a1ee4a8f7acaffba40468403e3,BATCH_20260809T164702
f784a83f2386e6fc,ART0314,6e06c972a9911c0d,2021-10-19,70000000,USD,$66.5M - $73.5M,range_midpoint,1.0,15,parsed,6adae5367b54eeb370ce18c59083e790e7472473724f1e0322aa53c388684a1c,BATCH_20260809T164702
f7856bd459df0b1c,ART0391,bc082590153cc57d,2021-04-22,455000000,EUR,"€413,636,364",single,1.1,26,parsed,d4be2ed604902f128cb800dd75ab45312be3d99a5dee57bd505ccebdb7d8f21f,BATCH_20260809T164702
f8a83f0c19af1a85,ART0576,dfcafa5be73568ae,2024-04-21,2904000000,GBP,"£2,286,614,173",single,1.27,21,parsed,d665822ba3252b99a9a7b94f1a2f2e4991b6a40126f6d7173aa84264a2b65711,BATCH_20260809T164702
f8ff3a8bf8f1e225,ART0548,10c8bf3d1264efe9,2024-05-05,54000000000,USD,$51.300B - $56.700B,range_midpoint,1.0,7,ambiguous_resolved,4971586721ba2cb6ad623fdc276096b28bb557ab6434f3e503c5c58b82feecdd,BATCH_20260809T164702
fb45eb6fbb125e5c,ART0453,dfcafa5be73568ae,2020-08-16,500000000,USD,$0.500 billion,single,1.0,17,parsed,25d212709689e9704559b225ca42f6c647b1db824b9c1a9691423355c218b994,BATCH_20260809T164702
fc07064a6b532264,ART0247,524afd4c0fc5ca4f,2021-05-22,58000000000,USD,$58000.0 million,single,1.0,6,parsed,1f29f9a326e9249de1e168ec700ad067658ec93fd0661c249b813d6a0d43620f,BATCH_20260809T164702
fc255c5d54a1bc71,ART0293,dfcafa5be73568ae,2023-11-13,2400000000,USD,"$2,400,000,000",single,1.0,20,parsed,d112576a2aa8c30b812076ff17da2188d4a5275638b67057d462983e3221a568,BATCH_20260809T164702
fcb64dc00f1332df,ART0155,569a3378224f0856,2020-11-19,95000000,USD,$0.095 billion,single,1.0,14,parsed,31747da81a24042352d7388eea01fe0b0e8af917b1f98edde2d0033f7d92fed1,BATCH_20260809T164702
fcd74d22896f1b7c,ART0029,10c8bf3d1264efe9,2023-09-13,40500000000,EUR,"€36,818,181,818",single,1.1,6,parsed,c27c116751fd01ae9fe6c050c9f9dd95926b9fc4e7f92c99c37951c4c6cf1d84,BATCH_20260809T164702
fcd81806a19bb23c,ART0343,c0aaf8e6dcad202a,2021-12-06,1530000000,USD,$1.530B,single,1.0,9,parsed,dbee36ed0e83541bc48e7460a789a2901a0c5148d058316d59b59ee87c23a9ce,BATCH_20260809T164702
fe56baf148fe71d4,ART0559,6feb65f1f31ac009,2024-08-12,1950000000,USD,$1950.0 million,single,1.0,23,ambiguous_resolved,6df8f94ef6fa2fe70830638429c6ae0adb2821cd60e8241c99f1d95cd0219872,BATCH_20260809T164702
fe5860baea26983b,ART0093,42a286e6bf863c7d,2021-10-02,1550000000,USD,$1.550B,single,1.0,19,parsed,3f32ec25088e236dcc791a32eed26bed7550a1c8e4d9812bd5117b57decf5a8d,BATCH_20260809T164702
fe6ef8c466addc17,ART0696,524afd4c0fc5ca4f,2023-04-02,88500000000,GBP,"£69,685,039,370",single,1.27,8,parsed,9034fa472a2de66e41aa0c1028549e015e64053d8ae05aa328f6ca702ce17666,BATCH_20260809T164702
feb5ab98b04634c8,ART0322,6feb65f1f31ac009,2023-10-06,1500000000,USD,$1.500 billion,single,1.0,22,parsed,9b0e61ccaf4d7d583b9747243b4f263ff5b7d92a1e6af38461d615d30cb3d9b5,BATCH_20260809T164702
ffbe938e57ee8499,ART0217,fa6bad2933b44844,2020-02-03,100000000,USD,$100.0 million,single,1.0,17,parsed,f258e8f5177a1361a82d9b7bbdaf304dd204c1cc0241af7569d3b617a51938dd,BATCH_20260809T164702
